a esta hora	spain/a2
a gritos	latam/b1
a la hora de nadie	spain/a1
a la izquierda	spain/a2
a la primera	spain/b1
a la vez	spain/a2
a la vista	spain/a1
a las nueve	spain/a1
a las ocho	spain/b1
a las once	spain/a1
a mano	latam/a1
a media mañana	spain/b1
a medio girar	spain/b1
a oscuras	spain/b1
a por	spain/a1
a solas	spain/a2
a tiempo	latam/a1
a veces	latam/a0
a ver	spain/a1
a ver si	spain/b1
abajo	latam/b1
abanico	latam/a1
abierta	spain/b1
abierto	latam/a1
abrazo	mexico/a0
abre	spain/a1
abrigo	latam/a1
abril	spain/b1
abrir	mexico/a0
abrirse	spain/a1
abuela	latam/a0
abuelo	mexico/a0
aburrido	spain/a2
acabar	spain/b1
acabarse	spain/b1
aceite	spain/a1
aceitunas	spain/a1
acelerar	latam/a2
aceptar	spain/b1
acequia	latam/b1
acera	latam/a1
acercar	mexico/a0
acercarse	spain/b1
aclarar	spain/b1
acomodar	spain/a2
aconsejar	spain/b1
acordarse	spain/b1
acostumbrarse	spain/a2
acta	spain/b1
acuerdo	spain/b1
adelantarse	latam/b1
admitir	spain/b1
adornar	spain/b1
advertir	spain/b1
aeropuerto	latam/a2
afirmar	spain/b1
aflojar	spain/b1
agacharse	spain/a2
agarrar	spain/a2
agenda	latam/a2
agendar	spain/b1
agitar	spain/a2
agosto	spain/b1
agotado	latam/b1
agradecer	mexico/a0
agregar	latam/b1
agua	mexico/a0
aguantar	spain/a1
aguapanela	latam/b1
aguardar	spain/a2
aguja	latam/b1
ahora	latam/a0
ahora bien	spain/b1
ahorrar	latam/a1
ahorrarse	spain/b1
ahorro	spain/b1
aire	latam/b1
ajeno	spain/a2
ajo	spain/a1
ajustar	spain/a2
al día siguiente	spain/a2
al fin	latam/a1
al final	spain/b1
al fondo	spain/a1
al fuego	spain/a2
al lado	spain/b1
al lado de	spain/a1
al otro lado	spain/b1
al pasar	spain/a1
al revés	spain/a1
al tragar	spain/a1
alacena	latam/b1
alambre	latam/b1
albañil	spain/b1
alcanzar	latam/a1
alegrar	spain/a2
alegre	mexico/a0
alejarse	latam/a2
alertar	spain/b1
alfombra	spain/b1
alfombrilla	spain/a2
alga	latam/b1
algo de alguien	spain/a1
algo de picar	spain/a1
algo más	spain/a1
alguien	latam/a0
algunas	latam/a0
algún	latam/a0
aliento	spain/a2
aliso	latam/b1
alivio	latam/b1
aljibe	spain/a2
almacén	spain/a1
almohada	latam/a1
almuerzo	latam/b1
alojamiento	latam/a2
alquilar	spain/a2
alquiler	latam/a1
alrededor	latam/a1
altavoz	latam/a1
alto	latam/a1
alzar	spain/a2
amable	mexico/a0
amanecer	latam/b1
amargo	spain/a2
amarillas	latam/a0
amarrar	latam/b1
amasar	latam/b1
amiga	latam/a0
amigo	latam/a0
amigos	latam/a0
amistad	spain/a2
amontonar	latam/b1
amor	mexico/a0
amplio	latam/a1
analizar	spain/b1
ancho	latam/a1
anda	spain/a1
andando	spain/a1
andar	latam/a1
andar suelto	latam/b1
andén	latam/a1
anoche	latam/b1
anochecer	mexico/a0
anotar	spain/a2
ansioso	latam/a1
antes	spain/a1
antes que ella	spain/b1
antes que nada	spain/b1
antigua	latam/a0
antiguo	mexico/a0
anuncio	spain/b1
apagado	latam/a1
apagar	latam/a1
aparador	spain/a2
aparece	mexico/a0
aparecer	mexico/a0
apariencia	latam/a2
apellido	latam/a1
apenas	latam/a0
aplaudir	mexico/a0
aplicación	latam/a1
apoyada	spain/a1
apoyar	latam/a1
apoyarse	spain/b1
apoyo	spain/b1
aprender	latam/a0
apretar	spain/b1
aprobar	latam/a1
aprovechar	spain/b1
apuntar	spain/b1
apurado	latam/a1
apurarse	latam/b1
aquí	latam/a0
aquí mismo	spain/b1
arboleda	spain/a2
archivador	spain/a2
arcilla	spain/a2
arcoíris	latam/a0
armar	latam/b1
aroma	spain/a2
arrastrar	spain/a2
arreglar	latam/a1
arrepentirse	latam/b1
arriba	mexico/a0
arriero	latam/b1
arroyo	spain/a2
artesano	mexico/a0
asado	latam/a1
ascensor	spain/b1
asentir	spain/b1
asiento	latam/a1
asomar	spain/b1
asomarse	latam/a2
asunto	latam/a2
asustar	spain/a2
así	latam/a0
así de simple	spain/b1
atajo	spain/a2
atar	latam/a1
atascarse	spain/a2
atención	mexico/a0
atraso	latam/b1
aumentar	spain/b1
aunque	latam/a1
aunque lo supiera	spain/b1
aunque sea	spain/a1
auricular	spain/a2
autobús	mexico/a0
auténtico	spain/a2
avanzar	latam/a2
avenida	latam/a1
averiguar	spain/b1
avisar	latam/a1
aviso	latam/a1
avión	latam/a1
ayer	latam/b1
ayuda	latam/a0
ayudante	latam/b1
ayudar	latam/a2
azul	mexico/a0
azulejo	latam/a1
azúcar	latam/a1
añadir	spain/a1
año	latam/a0
años	latam/a0
aún	spain/a1
bahareque	latam/b1
bailar	mexico/a0
baja	spain/a1
bajada	latam/a1
bajar	mexico/a0
bajarse	latam/a2
bajito	latam/a2
bajo	latam/a1
balcón	mexico/a0
balde	latam/a2
balsa	latam/a2
banca	latam/a1
banco	latam/a0
bandeja	spain/a2
banqueta	spain/a2
barandal	spain/a2
barandilla	spain/a1
barato	latam/a1
barniz	latam/a1
barra	spain/a1
barranco	spain/a2
barrer	latam/a2
barriga	spain/a2
barrio	latam/a0
barro	latam/b1
bastante	latam/a1
bastidor	latam/b1
basura	spain/b1
bata	spain/a1
batería	mexico/a0
batir	spain/a1
bebida	spain/a1
besar	mexico/a0
bien	latam/a0
bien dicho	spain/a1
bienvenida	latam/a0
billete	mexico/a0
billetera	latam/a1
birome	latam/a1
bisagra	spain/a2
bizcocho	spain/a1
blanca	latam/a0
blanco	spain/b1
blanco y negro	latam/a2
blando	latam/a1
boca	spain/a2
bocado	mexico/a0
boda	latam/a1
boleto	latam/a1
bollo	spain/b1
bolsa	mexico/a0
bolsillo	spain/a2
bolsita	latam/a1
bolso	latam/a1
bolígrafo	spain/a2
bombilla	latam/a1
bondi	latam/a1
bonito	mexico/a0
bordar	latam/b1
borde	latam/a1
bordillo	latam/a1
borrar	latam/a1
borrarse	latam/b1
bostezar	spain/a2
bote	latam/a1
botiquín	spain/a2
botón	latam/a1
brazo	latam/a1
breve	spain/b1
brillar	mexico/a0
brindar	spain/a2
brisa	spain/a2
broma	spain/b1
brote	latam/b1
buenas	spain/a1
bueno	latam/a2
buenos días	spain/a1
buscar	latam/a0
butaca	spain/a2
caber	latam/a1
cabeza	spain/b1
cabra	spain/a2
cabuya	latam/b1
cada	latam/a0
cada poco	spain/a1
cadena	latam/a1
cadera	spain/a2
caer	latam/a0
caerse	spain/a1
cafetal	latam/b1
cafetera	latam/a2
cafetería	latam/a2
caja	latam/a0
cajero	spain/a2
cajita	latam/a2
cajón	latam/a1
calabaza	spain/a2
calamar	spain/a2
calculadora	spain/b1
calcular	latam/b1
caldo	spain/a2
calendario	spain/b1
calentar	latam/a1
calidad	spain/b1
caliente	latam/a1
callada	latam/a2
callado	mexico/a0
callar	latam/a1
callarse	spain/b1
calle	mexico/a0
callejón	mexico/a0
calles	latam/a0
calma	spain/a2
calmado	spain/b1
calmar	mexico/a0
calor	mexico/a0
cambiar	latam/a0
cambiar de idea	latam/b1
cambiar la cara	spain/a1
cambio	latam/a1
caminar	mexico/a0
camino	mexico/a0
camioneta	latam/b1
camisa	spain/a2
camión	latam/b1
campera	latam/a1
canasta	mexico/a0
canasto	spain/a2
canción	mexico/a0
candado	latam/a1
candil	latam/a2
canela	latam/a0
canoa	latam/a2
cansada	latam/a0
cansado	mexico/a0
cansados	latam/a0
cansancio	latam/b1
cansar	spain/a2
cantar	latam/a0
cantidad	latam/a1
canto	latam/a1
capataz	latam/b1
capaz	spain/b1
capilla	latam/b1
cara	latam/a0
carantanta	latam/b1
cargado	latam/b1
cargador	latam/a1
cargar	latam/a1
cargo	spain/b1
cariño	mexico/a0
caro	latam/a1
carpeta	latam/a1
carrera	latam/a2
carriel	latam/b1
carro	latam/b1
carta	latam/a1
cartel	spain/a1
cartera	spain/a1
cartón	spain/a2
casa	mexico/a0
casas	latam/a0
casero	spain/b1
casi	latam/a0
casi vacío	latam/a1
casilla	latam/a1
caso	spain/b1
catedral	mexico/a0
causa	spain/b1
cayote	latam/b1
cazuela	spain/a2
caña	spain/a1
cebolla	spain/a2
ceder	spain/b1
ceja	spain/a1
celebración	latam/a2
celebrar	spain/a1
celular	latam/a1
cemento	spain/b1
cena	spain/a1
cenar	spain/b1
ceniza	spain/a2
cenote	mexico/a0
centro	latam/a2
cera	latam/b1
cerca	mexico/a0
cercano	spain/b1
cerco	latam/b1
cerrado	latam/a1
cerradura	latam/a1
cerrar	latam/a1
cerro	spain/a2
cerrojo	latam/a1
certeza	spain/b1
cesto	spain/a2
chaleco	latam/a2
changarín	latam/b1
charamusca	mexico/a0
charanga	spain/a1
chica	spain/a1
chico	mexico/a0
chile	mexico/a0
chispa	spain/b1
chiva	latam/b1
chocar	spain/a1
chofer	latam/a0
chontaduro	latam/b1
chuleta	latam/a2
churro	latam/a1
chócolo	latam/b1
cielo	mexico/a0
cifra	latam/a1
cinco	latam/b1
cinta	spain/a2
cinta adhesiva	latam/a1
cinto	latam/b1
cinturón	latam/a1
ciudad	mexico/a0
clara	latam/a0
claro	mexico/a0
clase	latam/a1
clavo	latam/a1
cliente	spain/b1
clientes	latam/b1
clima	latam/a1
clip	spain/a2
cobarde	spain/a2
cobertor	latam/a2
cobrar	spain/a1
cocer	spain/a2
coche	spain/a1
cochinita pibil	mexico/a0
cocina	spain/a1
codo	spain/a1
cofradía	latam/b1
coger	spain/b1
coger aire	spain/a1
cojín	spain/a2
cola	latam/a1
cola del pan	spain/a1
colaborar	spain/b1
colador	spain/a2
colcha	spain/a2
colchón	latam/a1
colectivo	latam/a1
colgado	spain/a1
colgar	mexico/a0
collar	mexico/a0
colocar	spain/a2
color	mexico/a0
colorado	latam/b1
colores	latam/b1
columna	latam/a1
comedor	spain/a1
comentario	spain/b1
comenzar	spain/b1
comer	latam/a2
comerse	latam/a1
comida	mexico/a0
comisión	spain/a1
como	latam/a2
como todas	spain/a2
como vino	spain/b1
comparar	latam/a1
compañero	latam/a2
competir	spain/b1
completo	latam/a1
complicado	latam/a1
complicarse	spain/a1
compra	spain/a1
comprar	mexico/a0
comprender	spain/b1
comprobar	spain/b1
compromiso	spain/b1
comunicar	spain/b1
común	latam/a1
con calma	mexico/a0
con cuidado	spain/a1
concluir	spain/b1
conexión	latam/a1
confesar	latam/b1
confianza	spain/b1
confiar	spain/b1
confirmar	spain/b1
conforme	latam/b1
confundir	spain/a1
confundirse	latam/a2
confusión	spain/b1
conocer	mexico/a0
conseguir	latam/a2
consejo	latam/b1
contacto	latam/a1
contar	latam/a0
contar con	spain/a2
contenta	latam/a0
contento	latam/a0
contentos	latam/a0
contesta	spain/a1
contestar	latam/a1
continuar	latam/a2
contra	latam/a2
contra la ley	latam/b1
contraseña	latam/a1
contratar	latam/b1
contrato	spain/b1
conversación	spain/a1
copia	spain/b1
copiar	latam/b1
coraje	spain/a2
corazón	latam/a0
corbata	latam/a2
cordel	spain/a2
cordillera	latam/b1
cordón	spain/a2
corral	latam/b1
correa	latam/b1
correcto	latam/a1
corredor	latam/b1
corregir	spain/b1
correo	latam/a1
correr	latam/a2
corriente	latam/a2
corta	spain/a1
cortado	latam/a1
cortante	latam/b1
cortar	mexico/a0
cortarse	spain/b1
cortina	latam/a1
corto	latam/a1
cosa	spain/a1
cosas	latam/a0
coser	latam/b1
costa	latam/a2
costar	latam/a1
costumbre	spain/a1
credencial	spain/a2
creer	spain/a2
cristal	spain/a2
criticar	spain/b1
cruzado	latam/b1
cruzar	spain/a1
cruzarse	spain/a1
cuadernillo	latam/b1
cuaderno	spain/b1
cuadra	latam/a1
cuadrado	spain/a2
cuadrilla	latam/b1
cuadro	mexico/a0
cuanto antes	spain/b1
cuartel	latam/b1
cuarto	latam/a1
cuatrocientos	spain/b1
cubeta	latam/a1
cubo	spain/a1
cubrir	mexico/a0
cuchara	spain/a2
cuchillo	latam/a1
cuello	spain/b1
cuenco	spain/a2
cuenta	spain/a1
cuento	latam/a2
cuerpo	mexico/a0
cuestionar	spain/b1
cueva	mexico/a0
cuidado	mexico/a0
cuidar	latam/a0
cumpleañero	spain/a1
cumpleaños	latam/a0
cumplir	latam/b1
cuneta	spain/a2
cuota	spain/b1
curiosidad	mexico/a0
curioso	mexico/a0
curva	latam/a1
cuánto	latam/a2
cuántos vamos a ser	spain/a1
cuñada	spain/a1
cáscara	spain/a2
cédula	latam/a1
céntimo	spain/a2
código	spain/a2
cómodo	latam/a1
da las gracias	latam/a0
dar	latam/a2
dar a	latam/b1
dar fiado	latam/b1
dar la razón	latam/b1
dar las gracias	spain/b1
dar pereza	spain/a1
dar rabia	latam/b1
dar tiempo	spain/a1
dar vueltas	spain/a2
darse cuenta	latam/a1
darse la vuelta	spain/a1
dato	spain/b1
de broma	spain/a1
de cerca	spain/a1
de comer	spain/a2
de dos en dos	spain/a1
de frente	spain/a1
de fuera	spain/a2
de golpe	spain/b1
de lado	spain/a2
de mala gana	latam/b1
de memoria	spain/a1
de mes en mes	spain/b1
de momento	spain/b1
de más	latam/a1
de nuevo	spain/b1
de otra manera	spain/a1
de oídas	spain/b1
de par en par	spain/a2
de pasada	spain/a2
de pie	spain/a1
de por medio	spain/b1
de pronto	mexico/a0
de repente	mexico/a0
de repuesto	latam/a1
de rodillas	spain/a2
de todo	spain/b1
de una vez	spain/b1
de verdad	spain/a2
de vez en cuando	spain/b1
debajo	spain/a1
debajo de	spain/b1
deber	latam/a1
deber una	spain/a1
decidir	spain/a1
decidirse	spain/a1
decir	latam/a0
decir que sí	spain/a1
decisión	spain/b1
declarar	spain/b1
dedo	spain/a2
deducir	spain/b1
defender	spain/b1
dejar	latam/a1
dejarse	latam/a2
del bueno	spain/a1
del todo	spain/a1
delantal	spain/a1
delante	spain/a2
delgado	latam/a1
delicado	mexico/a0
delicioso	mexico/a0
demasiado	spain/a1
demora	latam/b1
demorar	latam/a1
demostrar	spain/b1
dentro	spain/a1
depender	latam/a2
depósito	spain/a2
derretir	latam/a2
desacuerdo	spain/b1
desagüe	latam/a1
desayunar	spain/a1
descansar	mexico/a0
descansillo	spain/b1
descargar	spain/b1
descolgar	spain/a2
desconfiar	spain/b1
desconocido	mexico/a0
describir	latam/a2
descuento	latam/a1
desde arriba	spain/a2
desde ayer	spain/a2
desde el principio	spain/b1
desde luego	spain/b1
desde siempre	spain/a2
deseo	spain/a2
desfile	latam/a0
desorden	spain/b1
despacio	mexico/a0
despedirse	mexico/a0
despensa	latam/b1
despertar	latam/a1
después	latam/a0
destornillador	latam/a1
desvío	spain/a2
detalle	mexico/a0
detenerse	latam/a2
determinar	spain/b1
detrás	latam/a1
deuda	spain/b1
deudas	latam/a2
devolver	spain/b1
devolverse	latam/a2
diario	latam/a2
dibujar	spain/a2
dibujo	mexico/a0
diccionario	spain/a1
diciembre	spain/a2
diferente	latam/a1
difícil	latam/a0
dinero	mexico/a0
dirección	spain/a2
disculpa	latam/b1
disculpe	latam/a1
discutir	spain/b1
disfraces	latam/a0
disfraz	latam/a0
disimular	spain/a2
disponible	latam/a1
distinto	latam/a2
dividir	spain/b1
doblar	latam/a1
doble	latam/a2
docena	latam/a1
doler	latam/a1
domingo	latam/a0
dormido	spain/a2
dormir	mexico/a0
dormirse	latam/a1
dos	latam/a0
dos veces	spain/b1
dragón	mexico/a0
ducha	latam/a1
duda	spain/a1
dudar	spain/b1
dueña	latam/a2
dueño	spain/a1
dulce	mexico/a0
durante	latam/a1
durar	latam/a1
duro	latam/a1
débil	spain/a2
día	latam/a0
días	spain/a1
dónde	latam/a0
echada	spain/a1
echar	latam/a2
echar de menos	spain/a2
eco	mexico/a0
edificio	spain/a1
educado	spain/a1
el de al lado	spain/a1
el doble	spain/b1
el día uno	spain/b1
el último	spain/b1
electricidad	latam/a1
electricista	spain/b1
elegante	mexico/a0
elegir	latam/a1
ella	latam/a0
emoción	spain/a2
empanada	latam/a1
empezar	latam/a0
empleado	latam/a1
empleo	spain/b1
empresa	latam/a1
empujar	latam/a1
en alto	spain/a2
en blanco	latam/b1
en dos	spain/a2
en mano	spain/b1
en medio	spain/b1
en partes	spain/b1
en persona	spain/b1
en punto	latam/a1
en rojo	latam/a1
en seco	spain/a2
en serio	spain/b1
en silencio	latam/a1
en tres partes	spain/b1
en voz alta	spain/b1
en voz baja	spain/a2
encargado	spain/b1
encender	latam/a0
encendido	latam/a1
enchufe	latam/a1
encima de	spain/b1
encogerse	spain/b1
encontrar	latam/a0
encontrarse	spain/a1
enfadar	spain/a2
enfadarse	spain/b1
enfrente	spain/a1
enfriar	latam/a2
engañar	spain/a2
enjuagar	latam/a2
enojado	latam/a1
enojo	latam/b1
enorme	mexico/a0
enormes	latam/a0
enrollar	spain/a2
ensalada	latam/a2
ensaladera	spain/a2
ensayo	latam/a1
enseguida	spain/b1
enseñar	spain/b1
entender	spain/b1
entendido	spain/a1
entera	spain/b1
enterarse	spain/b1
entero	mexico/a0
entonces	latam/a0
entrada	latam/a1
entrar	latam/a0
entrega	spain/b1
entregar	spain/a2
entusiasmo	spain/a2
enviar	latam/a2
envidia	latam/b1
envolver	latam/a1
envuelto	spain/a1
equipaje	latam/a1
equivocado	spain/a2
equivocarse	latam/a1
error	spain/a1
es decir	spain/b1
es que	spain/a1
es verdad	spain/b1
esa cara	spain/a1
esa semana	spain/a1
escalera	mexico/a0
escalón	latam/a1
escena	spain/a1
escenario	latam/a1
escoba	latam/a1
esconder	latam/a2
esconderse	latam/b1
escondido	spain/a1
escribir	spain/b1
escrita	spain/a2
escrito	spain/a1
escritorio	latam/a1
escritos	latam/a2
escuchar	mexico/a0
eso sí	spain/a1
espalda	spain/a2
esparadrapo	spain/a2
espejito	latam/a2
espejo	spain/a1
espera	spain/a1
esperanza	spain/b1
esperar	latam/a0
espesar	spain/a1
espeso	spain/a2
espinaca	spain/a2
espuma	latam/a1
esquema	spain/a2
esquina	latam/a0
esta vez	spain/a2
estacionamiento	latam/a1
estanco	spain/a1
estante	spain/a2
estantería	spain/a2
estar	latam/a0
estar sana	latam/b1
este	latam/a0
este año	spain/a1
estirar	latam/a1
esto	latam/a0
estrechas	latam/a0
estrecho	mexico/a0
estrella	mexico/a0
estricto	latam/a2
estudiar	mexico/a0
está todo mal	latam/a1
estómago	spain/a2
exacta	spain/b1
exactamente	latam/a1
exacto	latam/a1
excusa	spain/b1
excusarse	latam/b1
excusas	spain/a2
exigir	latam/b1
explicación	spain/b1
explicar	mexico/a0
explicarse	latam/a2
extraña	latam/a0
extraño	latam/a0
extraños	latam/a0
extremo	latam/a1
fachada	spain/a1
factura	latam/a1
falda	spain/a2
fallar	spain/b1
falso	latam/a2
falta gente	latam/a1
faltar	latam/a1
famoso	mexico/a0
farmacéutica	spain/a1
farol	latam/a1
favor	spain/b1
febrero	latam/a0
fecha	latam/a1
felicidades	spain/a1
feliz	latam/a0
feria	latam/a1
fiebre	spain/a1
figura	latam/a1
fijar	spain/a2
fijarse	latam/a2
fila	latam/a1
filtro	latam/a2
fino	latam/a1
firma	spain/b1
firmar	spain/b1
firme	latam/a1
flecha	spain/a1
flor	mexico/a0
flores	latam/a0
fogón	latam/b1
folleto	spain/a2
fonda	mexico/a0
fondo	latam/a1
frasco	spain/a2
frascos	latam/a2
frase	latam/a1
frase hecha	spain/b1
frazada	latam/a1
fregadero	spain/a2
fregar	spain/b1
fregona	spain/a1
frenar	latam/a1
frente	latam/a1
fresa	latam/a1
fresco	mexico/a0
freír	spain/a2
fritanga	spain/a1
fruta	mexico/a0
frutería	latam/a2
fría	spain/a1
frío	mexico/a0
fuego	spain/a2
fuente	mexico/a0
fuera	latam/a1
fuera de hora	latam/b1
fuerte	mexico/a0
fuerza	mexico/a0
funcionar	spain/a1
funicular	mexico/a0
fácil	latam/a1
gafas	mexico/a0
galleta	latam/a1
gallo	latam/b1
galpón	latam/b1
ganancia	latam/b1
ganar	latam/a1
ganas	latam/a2
gancho	spain/a2
garganta	spain/a1
gas	spain/b1
gaseosa	latam/a2
gastado	latam/b1
gasto	latam/a1
gato	mexico/a0
gente	mexico/a0
gesto	latam/a1
girar	latam/a1
girarse	spain/b1
globo	latam/a1
globos	latam/a0
golpear	spain/a2
goma	latam/a1
gota	latam/a2
gotear	latam/a1
gracia	spain/b1
gracias	mexico/a0
gran	latam/a0
grande	mexico/a0
grano	spain/a2
grapa	spain/a2
greca	latam/b1
grifo	latam/a1
grises	latam/a0
gritar	latam/a0
grito	latam/a2
grueso	spain/a2
grupo	mexico/a0
guadua	latam/b1
guante	spain/b1
guapa	spain/a1
guapo	spain/a2
guardado	latam/b1
guardar	mexico/a0
guardarropa	latam/a2
guiso	spain/a1
gustar	latam/a0
gusto	spain/a2
guía	mexico/a0
habitación	spain/b1
hablando de	spain/a1
hablar	latam/a0
hablar mal	spain/a1
hace dos semanas	spain/b1
hacer cola	spain/a1
hacer falta	spain/b1
hacerse a	spain/a1
hacia	latam/a0
hacia abajo	spain/b1
hambre	mexico/a0
harina	spain/a1
hasta arriba	spain/a2
hasta cierto punto	spain/b1
hay	latam/a0
hazme el favor	latam/a1
hecha	spain/b1
helada	latam/b1
helado	spain/a2
heredar	spain/b1
hermana	latam/a1
hermano	latam/a0
hermosa	latam/a0
hermoso	latam/a0
herramienta	latam/a1
hervir	spain/a2
hierba	spain/a2
hija	latam/a0
hijos	latam/a0
hilera	latam/b1
hilo	latam/b1
historia	mexico/a0
hoja	latam/a1
hombre	latam/a0
hombro	spain/b1
hondo	mexico/a0
hora	latam/a0
horario	latam/a1
horarios	latam/a2
horas	latam/a0
horchata	latam/a0
horizonte	spain/a2
horno	spain/b1
hoy	latam/a0
hueco	latam/a1
huella	spain/a2
huerto	spain/a2
hueso	spain/a2
humo	spain/a2
húmedas	spain/a1
húmedo	mexico/a0
ida y vuelta	latam/a1
idioma	latam/a1
iglesia	mexico/a0
igual	spain/b1
igual de	spain/a1
igualito	latam/b1
imaginar	latam/a2
importancia	spain/b1
impuesto	spain/b1
incluso	latam/a1
incorrecto	latam/a1
indicar	spain/b1
informe	spain/a2
ingrediente	mexico/a0
ingresar	spain/b1
ingreso	spain/a2
inquilino	latam/a1
inquilinos	latam/a2
inseguro	spain/b1
insistir	spain/a1
instrucciones	spain/a1
intención	spain/a2
intentar	latam/a1
intento	spain/a2
interesar	latam/a2
interruptor	latam/a1
inventar	latam/b1
invierno	spain/a1
invitada	latam/a2
invitar	latam/a1
inútil	spain/b1
ir	latam/a0
isla	latam/b1
izquierda	latam/a1
jabón	spain/a1
jaguar	mexico/a0
jamás	latam/a1
jamón	spain/a1
jarabe	spain/a1
jardín	mexico/a0
jarra	latam/a1
jarro	mexico/a0
jefa	latam/a1
jitomate	latam/a1
jornal	latam/b1
joven	mexico/a0
juego	spain/a2
jueves	spain/a2
jugo	latam/a2
juicio	latam/b1
julio	spain/a1
junio	spain/b1
junta	latam/a0
juntar	latam/a1
juntarse	latam/b1
juntas	latam/a2
junto	spain/a2
juntos	latam/a0
justificar	latam/b1
justo	latam/a1
la del primero	spain/a1
la gente con plata	latam/a1
la próxima semana	spain/b1
la semana que viene	spain/b1
labio	latam/a1
lado	spain/a2
ladrido	spain/a2
ladrillo	spain/b1
lago	latam/a0
largo	mexico/a0
lastimado	latam/b1
lata	spain/a2
latir	latam/a0
lavabo	latam/a1
lavado	latam/a2
lavadora	spain/b1
lavar	latam/a2
le gusta	latam/a0
leche	latam/a1
lechuga	spain/a2
leer	spain/a1
lejano	spain/a1
lejos	mexico/a0
lentamente	latam/a1
lentitud	latam/b1
lento	latam/a1
letra	latam/a1
letrero	latam/a1
levantar	latam/a0
levantar la mesa	latam/b1
levantarse	spain/a1
ley	spain/b1
leyenda	mexico/a0
libre	spain/a1
librero	latam/a2
libreta	latam/a1
libro	latam/a0
ligera	spain/a1
ligero	latam/a1
lijar	latam/b1
limonero	spain/a2
limpiar	mexico/a0
limpieza	latam/a1
limpio	latam/a1
limón	spain/a2
linterna	latam/a1
liso	spain/a2
lista	latam/a1
listo	latam/a1
llama	spain/a1
llamada	latam/a1
llamar	latam/a0
llave	spain/b1
llaves	spain/a1
llegada	latam/a1
llegar	mexico/a0
llena	latam/b1
llenar	latam/a1
llenarse	spain/a1
llenas	latam/a0
lleno	mexico/a0
llevar	latam/a0
llorar	latam/a0
llover	mexico/a0
lluvia	latam/a0
lo demás	spain/b1
lo que te salga	spain/a1
lo tuyo	spain/b1
local	latam/a1
loma	spain/a2
lomito	latam/a1
luces	latam/a0
luego	spain/a1
lugar	latam/a0
luma	latam/b1
luna	mexico/a0
lunes	latam/a0
luz	mexico/a0
lágrima	mexico/a0
lámpara	latam/a2
lápiz	latam/a1
línea	mexico/a0
madera	latam/a0
madre	latam/a1
madrugar	latam/b1
mala cara	spain/a1
mala idea	spain/a1
malas noticias	latam/a1
maleta	spain/a1
malo	latam/a2
mamá	latam/a0
mancha	latam/a1
mandar	spain/b1
manera	spain/a2
manga	latam/a1
mango	mexico/a0
manguera	latam/a2
mano	mexico/a0
manta	latam/a1
manteca	latam/a1
mantel	spain/a2
manual	spain/b1
mapa	mexico/a0
mar	spain/a2
marca	latam/b1
marcar	latam/a1
marcha	spain/a2
marchando	spain/a1
marcharse	spain/a1
marco	spain/b1
marea	latam/b1
margen	spain/b1
mariposas	latam/a0
marrón	latam/a2
martes	latam/a0
marzo	spain/a1
masa	spain/a2
mate	latam/b1
material	spain/b1
maya	mexico/a0
mayor	latam/a2
mayordomo	latam/b1
mayoría	spain/b1
mazamorra	latam/b1
maíz	mexico/a0
mañana	latam/a0
me equivoco	latam/a0
mecer	spain/a2
mecánico	latam/b1
media	latam/a2
media hora	spain/b1
medida	latam/b1
medio	latam/a1
medio año	spain/b1
mediodía	latam/a2
medir	latam/b1
mejilla	latam/a1
mejor	spain/a1
mejorar	latam/b1
menos	latam/a2
menos cinco	spain/a1
mensaje	latam/a1
mentir	latam/a2
mentira	latam/a1
menú	latam/a1
mercado	mexico/a0
merienda	latam/a2
mes	spain/a2
mesa	mexico/a0
mesa larga	spain/a1
mesero	latam/a1
mesilla	spain/a1
metal	latam/a1
meter	latam/a1
meterse	latam/b1
mezclar	mexico/a0
micrófono	latam/a1
miedo	mexico/a0
miel	spain/a2
mientras	latam/a1
mientras tanto	spain/b1
milcao	latam/b1
minuto	spain/b1
minutos	spain/a1
mira	spain/a1
mira que	spain/a1
mirada	latam/a1
mirador	mexico/a0
mirar	mexico/a0
mirá vos	latam/a1
mismo	spain/a1
mitad	latam/a1
miércoles	latam/a0
mochila	mexico/a0
modelo	latam/a2
modo	latam/a1
mojado	latam/a1
mojar	latam/a1
mole	mexico/a0
molestar	spain/b1
moneda	mexico/a0
monedero	latam/a1
montar	spain/a1
montaña	mexico/a0
montañas	latam/a0
morder	spain/a1
morral	latam/a1
mostrador	latam/a1
mostrar	latam/a0
mote	spain/b1
motor	latam/b1
mover	mexico/a0
mucha	latam/a0
muchacha	latam/a2
muchas	latam/a0
muchas gracias	spain/a1
mucho	latam/a0
mudarse	spain/b1
mueca	spain/a2
mueve	spain/a1
mujer	latam/a0
mundo	spain/b1
murmullo	spain/b1
muro	spain/a2
muy	latam/a0
muy bueno	spain/a1
muñeca	spain/a2
mágico	mexico/a0
máquina	spain/a1
más	latam/a0
más bajo	spain/a1
más que	spain/b1
mío	spain/a1
móvil	spain/a1
músico	mexico/a0
nada	latam/a0
nada más	spain/b1
nadar	mexico/a0
nadie	latam/a0
naranja	latam/a2
necesario	latam/a1
necesitar	latam/a0
negar	latam/a1
negociar	spain/b1
nervioso	latam/a1
nevado	latam/b1
nevera	latam/a1
ni el gato	spain/a1
nieve	latam/a0
ninguna parte	spain/a2
niña	mexico/a0
niño	spain/a1
no está el horno para bollos	spain/b1
no hace falta	spain/a1
no pasa nada	spain/b1
no te preocupes	latam/a1
noche	mexico/a0
nombre	mexico/a0
norma	spain/b1
nota	latam/a1
nota de voz	latam/a1
notar	spain/a1
noticia	latam/a1
novela	spain/a2
novio	mexico/a0
novios	spain/a1
nube	mexico/a0
nubes	latam/a0
nublado	latam/a2
nudillo	spain/b1
nueva	latam/a0
nuevo	latam/a0
nuez	latam/b1
nunca	latam/a1
número	latam/a1
números	spain/a1
obra	spain/b1
observar	mexico/a0
ocho minutos	spain/a1
octubre	spain/a2
ocultar	latam/a2
ocupado	spain/a1
ocupar	spain/b1
oferta	latam/a1
oficina	latam/a1
oficio	spain/b1
ofrecer	latam/a1
ojalá	latam/b1
ojo	latam/a2
oler	mexico/a0
olla	spain/a2
olor	mexico/a0
olvidar	latam/a1
opinar	latam/b1
orden	latam/a1
orden del día	spain/b1
ordenado	spain/a1
ordenador	spain/b1
ordenar	spain/a2
oreja	spain/b1
orgullo	mexico/a0
orgullosa	latam/a0
orgulloso	mexico/a0
orilla	mexico/a0
oscuridad	latam/a1
oscuro	mexico/a0
otra vez	latam/a0
otra vez será	spain/a1
oveja	spain/a2
oye	spain/a1
oír	spain/a1
oírse	spain/b1
paciencia	mexico/a0
paciente	spain/b1
pagar	spain/a1
pago	latam/a2
pala	spain/a2
palabra	latam/a0
palabra por palabra	spain/b1
palabras	latam/a0
palenque	latam/b1
palma	latam/a1
palmada	mexico/a0
palo	mexico/a0
paloma	spain/a2
pan	spain/a1
pan de fiesta	latam/b1
pan dulce	latam/b1
panadería	spain/a1
panel	latam/a2
panela	latam/b1
pantalla	latam/a1
pantufla	spain/a2
papel	mexico/a0
paquete	latam/a1
para	latam/a0
para ser de	spain/a1
parada	latam/a1
parado	latam/b1
parar	latam/a0
pararse	spain/b1
parecer	latam/a0
parecido	latam/a1
pared	mexico/a0
pareja	mexico/a0
parentesco	spain/a1
parral	latam/b1
parte	latam/a1
partido	latam/a2
partir	latam/b1
pasa	spain/a1
pasaje	latam/a1
pasaporte	latam/a1
pasar	mexico/a0
pasar la cuenta	latam/b1
paseo	mexico/a0
pasilla	latam/b1
pasillo	latam/a1
paso	latam/a2
paso a paso	latam/a1
pastilla	spain/a2
pata	latam/a1
patata	spain/a2
patatas	spain/a1
patio	latam/a1
patrón	latam/a1
pausa	latam/a1
paz	spain/a2
país	latam/a0
paño	latam/a1
pañuelo	mexico/a0
pecho	latam/a1
pedazo	mexico/a0
pedida	spain/a1
pedido	latam/a1
pedir	latam/a1
pegamento	latam/a1
pegar	spain/b1
pegarse	spain/a1
peinada	spain/a1
pelar	spain/a2
pelea	latam/b1
pellín	latam/b1
pensar	latam/a0
pensión	latam/a2
penumbra	spain/a2
peor	latam/a2
pepino	spain/a2
pequeña	latam/a0
pequeño	mexico/a0
pera	spain/a2
percha	spain/b1
perder	latam/a1
perderse	spain/b1
perdida	latam/a0
perdona	spain/a1
perdón	latam/a1
perejil	spain/a2
perezoso	spain/a2
periódico	spain/a1
permanecer	spain/a2
permiso	spain/b1
pero	latam/a0
persiana	spain/a1
persona	latam/a1
pesa	spain/a1
pesada	latam/a0
pesado	latam/a1
pesar	latam/a1
pescadería	spain/a2
peso	latam/b1
pestillo	spain/a2
picada	latam/a1
picante	mexico/a0
picaporte	spain/a2
picar	spain/a2
pie	spain/a2
piedra	mexico/a0
piensa	spain/a1
pierna	latam/a1
pies	latam/a0
pieza	mexico/a0
pijama	spain/a1
pila	spain/a2
pileta	latam/a1
piloto	spain/b1
pimienta	spain/a2
pincel	latam/a1
pincho de tortilla	spain/a1
pintar	mexico/a0
pintura	latam/a1
pipián	latam/b1
pirámide	mexico/a0
pisada	latam/b1
piscina	mexico/a0
piso	latam/a2
piso de arriba	spain/a1
pizarra	latam/a1
plan	latam/a1
planchar	latam/a2
planilla	latam/a1
plano	spain/b1
planta	latam/a1
plata	spain/a1
plato	mexico/a0
platos	spain/a1
plaza	mexico/a0
plazo	spain/b1
plegar	latam/a1
plumas	latam/a0
poco	latam/a0
poco a poco	mexico/a0
poco más	spain/b1
poda	latam/b1
podar	latam/b1
poder	latam/a1
pollera	latam/b1
pollo	latam/a0
polvo	latam/a1
ponele	latam/b1
poner	latam/a1
poner el ojo	latam/b1
poner el precio	latam/b1
ponerse	latam/b1
ponerse colorada	spain/a1
ponerse malo	spain/a2
poquito	spain/a2
por adelantado	spain/b1
por ahora	spain/a2
por ciento	latam/a1
por delante	spain/a1
por dentro	spain/a2
por dónde empezar	spain/a1
por ella	spain/a1
por escrito	spain/b1
por eso	latam/a1
por fin	spain/b1
por la noche	spain/b1
por la tarde	spain/a1
por lo bajo	spain/a2
por lo pronto	spain/b1
por noche	latam/a1
por orden	spain/a1
por separado	latam/b1
por si	spain/a1
por si acaso	spain/a1
por su cuenta	spain/b1
por todas partes	spain/a1
portada	spain/a2
portal	spain/a1
portarretratos	latam/a2
portón	latam/a1
postal	mexico/a0
postre	spain/a1
prado	spain/a2
precio	latam/a1
preferir	spain/b1
pregunta	spain/b1
preguntar	mexico/a0
pregón	spain/a1
premio	latam/b1
prender	latam/a1
preocupado	spain/a2
preocuparse	spain/a1
preparado	spain/b1
preparar	mexico/a0
prepararse	spain/a1
presentar	latam/a2
presión	spain/b1
prestar	latam/a1
pretexto	latam/b1
prima	spain/a1
primer	latam/a2
primera	latam/a0
primera vez	spain/a2
primero	latam/a0
primo	latam/a1
principio	latam/a0
prisa	spain/b1
probar	mexico/a0
profundo	latam/a1
promesa	latam/b1
prometer	spain/b1
pronto	spain/a1
propio	latam/a1
proponer	spain/b1
próximo	latam/a0
pueblo	latam/a1
pueblo vecino	spain/a1
puerta	latam/a0
puerto	latam/a2
puesta	latam/a2
puesto	mexico/a0
punta	latam/a1
puntiagudo	spain/a2
punto	spain/b1
punto de vista	spain/b1
pájaro	mexico/a0
que viene	spain/a1
quedar	latam/a1
quedar a mano	latam/b1
quedarse	spain/b1
quejarse	latam/a1
querer	latam/a0
queso	spain/a1
quieta	mexico/a0
quieto	latam/a1
quiltro	latam/b1
quitar	spain/a1
quizás	latam/a0
quién	latam/a0
quién es quién	spain/a1
qué rabia	spain/a1
qué tal	spain/a1
racimo	latam/b1
rama	spain/a2
ramo	spain/a2
raro	spain/b1
ratito	spain/a2
rato	spain/b1
raya	latam/a1
razonable	spain/b1
razón	latam/b1
raíz	spain/a2
rebaja	spain/b1
rebajar	spain/b1
rebanar	spain/a2
receta	spain/a1
rechazar	spain/b1
recibidor	spain/a2
recibir	latam/a2
recibo	spain/a2
recipiente	spain/a2
reclamar	latam/b1
recoger	spain/a1
reconocer	latam/a0
recordar	latam/a0
recto	latam/a1
recuerda	spain/a1
recuerdo	mexico/a0
red	latam/a1
redondo	spain/a2
reducir	latam/a2
reemplazar	latam/b1
regalar	mexico/a0
regalo	mexico/a0
regar	spain/a2
regla	latam/a1
regresar	latam/a0
regreso	latam/a2
reja	latam/a1
rellano	spain/a1
reloj	spain/a1
reparar	latam/a1
repartir	spain/b1
repasar	spain/b1
repetir	spain/b1
repetirse	latam/a2
repisa	latam/a1
reposo	spain/a2
respirar	mexico/a0
responder	latam/a0
responder por	latam/b1
respuesta	spain/a1
restar	latam/a1
resto	spain/b1
resumir	spain/b1
retablo	latam/b1
retrasado	spain/b1
retraso	latam/a1
reunión	spain/b1
revisar	latam/a1
revolver	spain/a2
reír	mexico/a0
reírse	spain/b1
rica	latam/a0
rico	mexico/a0
riego	latam/b1
risa	latam/a2
roca	mexico/a0
rodaja	spain/a2
rodilla	spain/a1
rodillas	spain/a1
rojas	latam/a0
romo	latam/a1
romper	latam/a1
romperse	latam/a1
ronda	spain/a1
ropa	mexico/a0
ropero	latam/a1
rosa	mexico/a0
roto	latam/a1
rueda	spain/a2
ruido	latam/a1
ruina	mexico/a0
ruta	latam/a1
rápida	spain/b1
rápido	latam/a0
río	mexico/a0
saber	latam/a0
sabor	mexico/a0
sabroso	spain/a2
sacar	latam/a1
sacar a la mesa	latam/b1
saco	spain/a2
sacudida	spain/a2
sal	spain/a2
sala	latam/a0
sala de espera	spain/b1
salado	latam/a1
saldar	latam/b1
salida	mexico/a0
salir	latam/a1
salsa	mexico/a0
saltar	mexico/a0
saludar	mexico/a0
saludo	latam/a1
sancocho	latam/b1
sangre	spain/a2
sarmiento	latam/b1
sartén	spain/a2
se llama	latam/a0
se lo digo yo	spain/b1
se me ha ido la mano	spain/a1
se prepara	latam/a0
se sienta	latam/a0
secar	latam/a1
secarse	latam/a2
seco	spain/a2
seguidas	spain/a1
seguido	latam/a1
seguir	latam/a1
seguir de largo	latam/b1
segundo	spain/b1
seguramente	latam/a1
seguridad	spain/b1
seguro	mexico/a0
según	latam/a1
sello	latam/a1
sellos	spain/a2
semana	latam/a1
sencillo	latam/a1
sendero	spain/a2
sentada	spain/a1
sentado	latam/a1
sentarse	spain/a1
sentido	spain/b1
sentimiento	spain/a2
sentir	latam/a0
separar	spain/b1
ser	latam/a0
seria	latam/a0
serie	spain/a1
servicio	latam/a1
servilleta	mexico/a0
servilletas	spain/a1
servir	latam/a1
severo	latam/a2
señal	latam/a1
señalar	mexico/a0
señora	mexico/a0
señoras	spain/a1
señorita	latam/a2
siempre	latam/a2
siesta	spain/a2
signo	spain/a2
sigue con	spain/a1
siguiente	latam/b1
silencio	spain/b1
silencioso	mexico/a0
silueta	spain/a2
simpática	latam/a0
simpático	spain/b1
sin adornarlo	spain/b1
sin aviso	latam/b1
sin darle importancia	spain/b1
sin darse cuenta	latam/a1
sin decir nada	spain/b1
sin falta	spain/b1
sin hacer nada	spain/a2
sin levantar la vista	spain/a1
sin mirarla	spain/a1
sin más	spain/a1
sin preguntar	spain/a1
sin prisa	latam/a1
sin rodeos	spain/b1
sin volverse	spain/b1
sitio	spain/a1
sobrar	latam/a1
sobre	latam/a1
sobrina	latam/a1
sofá	spain/a1
sol	mexico/a0
sola	latam/a0
soleado	latam/a2
solo	mexico/a0
soltar	latam/a1
sombra	spain/a1
sombrero	latam/b1
sonar	latam/a0
sonido	mexico/a0
sonreír	mexico/a0
sonrisa	mexico/a0
sopa	spain/a2
sorbete	latam/a2
sorbo	spain/a2
sorprender	latam/a0
sorprendido	mexico/a0
sorpresa	mexico/a0
soso	spain/a2
sostener	latam/a1
soñar	latam/a0
suave	mexico/a0
suavemente	latam/a1
sube	spain/a1
subida	latam/a1
subir	mexico/a0
subirse	latam/a2
submarino	latam/a1
subrayar	latam/a1
sucio	latam/a1
sueldo	spain/a2
suelo	mexico/a0
sueño	latam/a0
suficiente	latam/a1
sujetar	latam/a1
suma	spain/a2
sumar	latam/a1
superficie	mexico/a0
sur	latam/a2
surco	latam/b1
suspira	mexico/a0
susto	spain/a2
susurrar	spain/a2
susurro	spain/b1
suyo	latam/a1
sábado	latam/a0
sábana	latam/a1
símbolo	spain/a2
sótano	spain/a2
tabla	spain/a2
tablón	spain/a2
taburete	latam/a1
tachar	latam/b1
taco	mexico/a0
tacto	spain/a2
tal vez	latam/a0
taller	mexico/a0
talón	spain/a2
también	latam/a0
tambores	latam/a0
tampoco	latam/a1
tan	latam/a1
tan pronto como	spain/b1
tanto	latam/a1
tapa	latam/a1
tapado	latam/b1
tapar	spain/b1
tapia	latam/a1
taquilla	latam/a1
tararear	spain/a2
tardar	latam/a1
tarde	mexico/a0
tardío	spain/b1
tarifa	spain/b1
tarjetero	spain/a2
tarro	spain/a2
tarta	latam/a2
tazón	spain/a2
techo	spain/b1
teclado	latam/a1
teja	latam/b1
tejado	spain/b1
telefonillo	spain/a1
temblar	spain/b1
temblor	spain/a2
temor	latam/a1
templo	mexico/a0
tempranito	latam/b1
temprano	mexico/a0
tender	latam/a2
tenedor	spain/a2
tener	latam/a0
tener razón	latam/b1
tenso	spain/a2
tepual	latam/b1
tercero	spain/a1
terciopelo	latam/b1
terco	latam/b1
terminal	latam/a1
terminar	mexico/a0
termo	latam/a1
ternera	spain/a2
terraza	latam/a1
tetera	spain/a2
texto	spain/b1
tibio	spain/a2
ticket	latam/a2
tiempo	spain/a1
tienda	mexico/a0
tiene hambre	latam/a0
tiene miedo	latam/a0
tierno	spain/a2
tierra	spain/a2
tijera	spain/a2
timbre	spain/b1
timidez	spain/a1
tinta	spain/a2
tinto	latam/b1
tirita	spain/a2
tiza	spain/a1
toca	spain/a1
tocar	mexico/a0
tocarse	spain/b1
todavía	spain/a2
todavía no	spain/b1
todo	latam/a0
todo el mundo	spain/b1
todo el que entra	spain/b1
todos	latam/a0
toldo	spain/a1
tomar	mexico/a0
tono	latam/a1
tonta	spain/a1
torcido	latam/a1
tormenta	latam/a0
torpe	spain/b1
torre	mexico/a0
torta	latam/a1
tortilla	mexico/a0
tos seca	spain/a1
tostada	spain/a1
tostión	latam/b1
total	latam/a1
total, que	spain/a1
trabajar	mexico/a0
traducir	spain/a1
traductor	spain/b1
traer	latam/a1
tragar	spain/a1
trajinera	mexico/a0
tranquilo	latam/a0
trapiche	latam/b1
trapo	mexico/a0
trato	spain/b1
trato hecho	latam/a1
trayecto	latam/a1
trazar	spain/a2
tren	latam/a0
tres horas	spain/b1
triple	latam/a1
triste	mexico/a0
tristeza	spain/a2
trompeta	mexico/a0
tronco	spain/a2
trozo	latam/a1
tubo	spain/b1
turista	mexico/a0
turno	latam/a0
tuyo	spain/a1
técnico	spain/b1
tía	latam/a0
tímido	mexico/a0
tío	latam/a0
típico	mexico/a0
título	spain/b1
tú	latam/a0
un buen rato	spain/a1
un poco	mexico/a0
un rato	spain/b1
una a una	spain/b1
uniforme	latam/a2
unir	latam/a0
universidad	mexico/a0
uno	latam/a0
uno por uno	latam/a1
untar	latam/a1
urgencia	spain/b1
usado	latam/a1
usar	latam/b1
uva	spain/a2
uy	spain/a1
uña	spain/a2
vaciar	latam/a1
vacía	spain/a1
vacío	spain/a2
vale	spain/a1
valer	latam/b1
valiente	spain/a2
valija	latam/a1
valle	mexico/a0
valor	mexico/a0
vapor	latam/a1
varilla	latam/a1
vaso	latam/a0
vasos	latam/a0
veces	spain/b1
vecina	spain/a1
vecinas	spain/a1
vecino	latam/a1
vecinos	latam/a0
vega	latam/b1
veinte minutos	spain/a1
veintiuno	spain/b1
vela	latam/a0
velón	latam/b1
venda	spain/a2
vendado	latam/b1
vender	mexico/a0
venir	latam/a0
ventana	mexico/a0
ventanilla	latam/a1
vente	spain/a1
ventilador	latam/a1
ver	latam/a0
verano	latam/a0
verbena	spain/a1
verdad	latam/a0
verdadero	latam/a1
verde	mexico/a0
verdes	latam/a0
verdura	latam/a1
vereda	latam/b1
vergüenza	mexico/a0
verificar	spain/a2
verja	spain/a2
vestíbulo	spain/a2
vez	latam/a0
viaje	mexico/a0
viajero	latam/a1
vibración	spain/a2
vid	latam/b1
vida	mexico/a0
vidriera	latam/b1
vidrio	latam/a1
vieja	latam/a0
viejo	latam/a2
viento	mexico/a0
vinagre	spain/a1
vino	spain/a1
vista	mexico/a0
vivir	latam/a0
vivo	latam/a0
volar	latam/a0
voltear	spain/a2
volver	mexico/a0
volverse	latam/a2
voto	spain/b1
voz	latam/a0
voz alta	latam/a2
voz baja	latam/a2
vuelta	spain/a2
vuelve	spain/a1
willys	latam/b1
y media	spain/a1
y veinte	spain/a1
y ya	spain/a2
y ya está	spain/a1
ya	latam/a0
ya está	spain/a2
ya no	latam/a1
ya te dirán	spain/a1
ya veremos	spain/a1
yema	latam/b1
yo	latam/a0
zaguán	latam/b1
zanahoria	spain/a2
zapatillas	latam/a1
zapato	mexico/a0
zonda	latam/b1
zumbido	latam/a1
zumo	spain/a1
ácido	spain/a2
ánimo	spain/a2
árbol	mexico/a0
árboles	latam/a0
áspero	spain/a2
último	mexico/a0
única	latam/a2
único	latam/a1