palabra	fuente	glosa	tipo	historia	frase	frases (max 6)
achète	nueva	buy, buys (acheter)	verb	vingt-minutes-c-est-long	J'achète un vélo neuf.	2
ah	nueva	ah!, oh!	interjection	tu-prends-la-carte	“Ah!	1
aider	nueva	to help (aider)	verb	la-boule-porte-bonheur	Elle vient pour aider.	2
ailleurs	nueva	somewhere else (ailleurs)	adverb	des-pas-au-dessus	Les pas vont ici, puis ailleurs.	1
aime	nueva	like, love (aimer)	verb	la-boule-porte-bonheur	Je l'aime, mais c'est pour Hugo.”	5
allô	nueva	hello?, on the phone (allô)	interjection	la-ligne-coupe-apres-hugo	“Allô, Léa?”, répond Hugo.	2
amer	nueva	bitter (amer)	adjective	tu-prends-la-carte	Il met du sucre, parce que c'est amer.	1
ami	nueva	friend (l'ami)	noun	tu-prends-la-carte	Maxime est un ami de Hugo.	3
amis	nueva	friends (l'ami)	noun	les-mots-a-l-envers	Elle écrit encore, toute seule: amis pour toujours.	2
ampoule	nueva	light bulb (l'ampoule)	noun	une-plante-pour-lea	Au plafond, Hugo allume une vieille ampoule.	1
anniversaire	nueva	birthday (l'anniversaire)	noun	trente-trois-bougies	Pour l'anniversaire de Hugo, Léa invite les amis.	2
annonce	nueva	notice, advert (l'annonce)	noun	l-annonce-du-couloir	L'annonce du couloir	4
apprendre	nueva	to learn (apprendre)	verb	clara-tient-la-boule	“Tu veux apprendre?”, demande Léa.	2
après-midi	nueva	afternoon (l'après-midi)	noun	une-goutte-chaque-nuit	Cet après-midi, Hugo arrive avec une boîte à outils.	2
ardoise	nueva	chalkboard, slate (l'ardoise)	noun	tu-prends-la-carte	Sur l'ardoise, elle écrit: “Carte bleue: non.”	1
argent	nueva	money (l'argent)	noun	la-boule-porte-bonheur	Son argent est à Paris, avec Hugo.	6
arrose	nueva	water, waters (arroser)	verb	a-samedi-hugo	“Tous les matins, je l'arrose.”	2
arroses	nueva	you water (arroser)	verb	a-samedi-hugo	“Tu arroses la plante?”	2
arrosoir	nueva	watering can (l'arrosoir)	noun	une-plante-pour-lea	Mais elle prend l'arrosoir.	1
attention	nueva	careful!, watch out! (attention)	interjection	une-goutte-chaque-nuit	“Attention!	4
au	nueva	at the, to the (à + le)	preposition	le-torchon-a-la-main	Au revoir, Léa.”	6
au-dessus	nueva	above; upstairs (au-dessus)	adverb	si-je-gagne-tu-restes	Le ciel est rouge au-dessus du Panier.	4
aux	nueva	to the, at the (à + les)	preposition	l-annonce-du-couloir	Léa lit l'annonce sur la boîte aux lettres.	1
baisses	nueva	you lower (baisser)	verb	clara-tient-la-boule	Tu baisses le coude”, explique Léa.	1
balai	nueva	broom (le balai)	noun	a-toi-la-boule	Il prend un balai.	1
balaie	nueva	sweep, sweeps (balayer)	verb	a-toi-la-boule	Léa balaie les miettes.	2
banc	nueva	bench (le banc)	noun	trente-trois-bougies	Léa applaudit vraiment fort, et regarde le banc.	5
bas	nueva	down, below; downstairs (en bas)	adverb	le-torchon-a-la-main	Le métro est en bas”, explique Hugo.	5
bateau	nueva	boat (le bateau)	noun	vingt-minutes-c-est-long	Dehors, on entend le bateau du port.	1
besoin	nueva	need; to need (avoir besoin de)	noun	une-goutte-chaque-nuit	Maintenant, tu n'as plus besoin de moi.”	3
bientôt	nueva	soon (bientôt)	adverb	a-toi-la-boule	Bientôt.	2
bienvenue	nueva	welcome! (bienvenue)	interjection	a-samedi-hugo	Bienvenue!”, dit Hugo à Clara.	1
bise	nueva	kiss on the cheek (faire la bise)	noun	treize-comme-avant	Il lui fait la bise, sur la joue.	1
blanc	nueva	white (blanc)	adjective	une-plante-pour-lea	Hugo peint le dernier mur en blanc.	1
bonjour	nueva	hello (bonjour)	interjection	la-ligne-coupe-apres-hugo	Juste bonjour”, répond Léa.	1
bonne	nueva	good (bon)	adjective	clara-tient-la-boule	Clara est une bonne élève.	1
bouche	nueva	mouth (la bouche)	noun	tu-prends-la-carte	Léa rit avec la serviette sur la bouche.	1
bouchons	nueva	corks, bottle tops (le bouchon)	noun	a-toi-la-boule	Elle ramasse les bouchons et un lampion rouge.	1
bougies	nueva	candles (la bougie)	noun	trente-trois-bougies	Trente-trois bougies	3
boule	nueva	boule, the metal ball of pétanque (la boule)	noun	la-boule-porte-bonheur	La boule porte-bonheur	6
boules	nueva	boules, the metal balls of pétanque (la boule)	noun	si-je-gagne-tu-restes	Léa sort les boules de son sac.	4
bras	nueva	arms (le bras)	noun	treize-comme-avant	Léa lève les bras.	1
bruns	nueva	brown, dark (brun)	adjective	des-pas-au-dessus	Elle a un manteau jaune et les cheveux bruns.	1
bus	nueva	bus (le bus)	noun	vingt-minutes-c-est-long	L'arrêt du bus est en bas.	1
cache	nueva	hides (cacher)	verb	la-boule-porte-bonheur	Léa cache le paquet sous le comptoir.	1
cadeau	nueva	present, gift (le cadeau)	noun	la-boule-porte-bonheur	Léa veut offrir un cadeau.	2
cafetière	nueva	coffee pot (la cafetière)	noun	le-torchon-a-la-main	Elle range la cafetière.	1
cahier	nueva	notebook (le cahier)	noun	les-mots-a-l-envers	Dans son cahier, Léa écrit les mots durs.	2
camionnette	nueva	small van (la camionnette)	noun	le-fauteuil-descend	Chloé, une nouvelle voisine, a une petite camionnette.	1
canapé	nueva	sofa (le canapé)	noun	treize-comme-avant	Il dort sur le long canapé du café.	1
carreau	nueva	carreau, a shot that knocks the other boule away and stays in its place (le carreau)	noun	deux-carreaux-pour-hugo	Sa boule reste à sa place: c'est un carreau.	3
carreaux	nueva	carreaux, perfect pétanque shots (le carreau)	noun	deux-carreaux-pour-hugo	Deux carreaux pour Hugo	1
casquette	nueva	cap (la casquette)	noun	clara-tient-la-boule	Clara a une casquette verte et des lunettes.	1
casse	nueva	breaks (casser)	verb	le-torchon-a-la-main	Il casse des tasses”, répond Léa.	1
cassé	nueva	broken (cassé)	adjective	mille-euros-sans-compter	Près du frigo, le vieux percolateur est cassé.	1
cave	nueva	cellar (la cave)	noun	l-annonce-du-couloir	Les meubles de Hugo vont à la cave, dessous.	1
chance	nueva	luck; chance (la chance)	noun	la-boule-porte-bonheur	Cette boule porte chance.	2
chante	nueva	sings (chanter)	verb	trente-trois-bougies	Tout le monde chante, danse et fête Hugo.	1
chat	nueva	cat (le chat)	noun	a-toi-la-boule	Un gros chat dort sur le banc, sous les feuilles.	1
chauffage	nueva	heating (le chauffage)	noun	une-plante-pour-lea	Le chauffage est éteint, et l'air est tiède.	1
cheminées	nueva	chimneys (la cheminée)	noun	la-ligne-coupe-apres-hugo	Sur le toit, le linge sèche entre les cheminées.	1
cheveux	nueva	hair (les cheveux)	noun	des-pas-au-dessus	Elle a un manteau jaune et les cheveux bruns.	1
chien	nueva	dog (le chien)	noun	a-samedi-hugo	Une femme sort d'un taxi, avec son chien.	5
chiffon	nueva	cloth, rag (le chiffon)	noun	si-je-gagne-tu-restes	Elle les nettoie avec un chiffon.	1
chocolat	nueva	chocolate (le chocolat)	noun	treize-comme-avant	Au petit-déjeuner, Hugo a un pain au chocolat.	1
choisis	nueva	choose (choisir)	verb	la-boule-porte-bonheur	“Tu choisis quoi?”, demande Louise.	2
chose	nueva	thing (la chose)	noun	la-ligne-coupe-apres-hugo	Elle veut dire une chose avant son départ.	2
ciseaux	nueva	scissors (les ciseaux)	noun	la-boule-porte-bonheur	Louise coupe le papier avec les ciseaux.	1
claire	nueva	clear (clair)	adjective	une-goutte-chaque-nuit	L'eau est claire.	2
clés	nueva	keys (la clé)	noun	a-samedi-hugo	“Voilà les clés.	1
cochonnet	nueva	jack, the small target ball in pétanque (le cochonnet)	noun	a-toi-la-boule	“À toi la boule, à moi le cochonnet.”	5
coffre	nueva	boot of a car (le coffre)	noun	a-samedi-hugo	Il met la valise dans le coffre.	1
commencer	nueva	to start (commencer)	verb	la-ligne-coupe-apres-hugo	Je dois commencer en mars”, dit Hugo.	1
compris	nueva	understood (comprendre)	verb	les-mots-a-l-envers	“Ça y est, j'ai compris!”, dit Léa.	1
compter	nueva	to count (compter)	verb	mille-euros-sans-compter	Mille euros sans compter	1
contre	nueva	in exchange for; against (contre)	preposition	le-fauteuil-descend	Un service contre un café.”	1
corde	nueva	rope (la corde)	noun	le-fauteuil-descend	Elle a aussi une corde.	1
coude	nueva	elbow (le coude)	noun	clara-tient-la-boule	Tu baisses le coude”, explique Léa.	1
coule	nueva	runs, drips (couler)	verb	une-goutte-chaque-nuit	Le robinet du café coule tout le temps.	3
coup	nueva	suddenly (tout à coup)	expression	des-pas-au-dessus	Tout à coup, c'est tranquille.	1
coupée	nueva	cut off (coupé)	adjective	la-ligne-coupe-apres-hugo	Mais la ligne est coupée après “Hugo”.	1
coussin	nueva	cushion (le coussin)	noun	le-fauteuil-descend	Le coussin sent Hugo.	1
craie	nueva	chalk (la craie)	noun	si-je-gagne-tu-restes	Hugo dessine un rond avec la craie.	1
crayon	nueva	pencil (le crayon)	noun	les-mots-a-l-envers	Chaque nuit, elle écrit au crayon.	1
côté	nueva	side; next to, nearby (à côté)	noun	theo-ecoute-pour-lea	Il est sur un tabouret, à côté d'elle.	3
cœur	nueva	heart (le cœur)	noun	la-ligne-coupe-apres-hugo	Elle serre le portable près du cœur.	1
demandes	nueva	you ask (demander)	verb	la-ligne-coupe-apres-hugo	Tu demandes quoi?”	1
dessine	nueva	draws (dessiner)	verb	si-je-gagne-tu-restes	Hugo dessine un rond avec la craie.	1
dessous	nueva	underneath, below (dessous)	adverb	une-goutte-chaque-nuit	Hugo met un seau dessous.	2
dimanche	nueva	Sunday (dimanche)	noun	clara-tient-la-boule	Chaque dimanche, Léa joue à la pétanque, seule maintenant.	2
dos	nueva	back (le dos)	noun	le-fauteuil-descend	Léa a mal au dos.	1
droit	nueva	straight (droit)	adverb	treize-comme-avant	Hugo tire droit.	2
drôle	nueva	funny (drôle)	adjective	tu-prends-la-carte	C'est drôle.	2
durs	nueva	hard, difficult (dur)	adjective	les-mots-a-l-envers	Dans son cahier, Léa écrit les mots durs.	1
début	nueva	beginning, start (le début)	noun	clara-tient-la-boule	“Toujours, au début.”	1
déchire	nueva	tears, rips (déchirer)	verb	a-toi-la-boule	Il déchire doucement le papier.	1
déménage	nueva	moves out, moves house (déménager)	verb	le-fauteuil-descend	Hugo déménage en mars.	2
départ	nueva	departure, leaving (le départ)	noun	tu-prends-la-carte	Paris, c'est le départ de Hugo.	4
dépend	nueva	it depends (ça dépend)	expression	vingt-minutes-c-est-long	“Ça dépend.	1
désolé	nueva	sorry (désolé)	adjective	une-boule-sous-le-platane	Je suis désolé.”	2
efface	nueva	rubs out (effacer)	verb	les-mots-a-l-envers	Elle efface avec la gomme.	1
emballe	nueva	wraps (emballer)	verb	la-boule-porte-bonheur	Louise emballe le paquet avec du scotch.	1
ensuite	nueva	then, after that (ensuite)	adverb	la-boule-porte-bonheur	Ensuite, elle la donne.	4
entends	nueva	hear (entendre)	verb	theo-ecoute-pour-lea	Je n'entends rien”, crie Léa.	2
envers	nueva	backwards, the wrong way round (à l'envers)	expression	les-mots-a-l-envers	Les mots à l'envers	2
es	nueva	are (être, tu form)	verb	theo-ecoute-pour-lea	Tu es gentil.”	6
espère	nueva	hopes (espérer)	verb	si-je-gagne-tu-restes	Léa espère, mais ce soir, il joue bien.	2
essayer	nueva	to try (essayer)	verb	clara-tient-la-boule	“Je peux essayer?”, demande Clara.	2
face	nueva	opposite (en face de)	expression	vingt-minutes-c-est-long	À Paris, Hugo habite en face du métro.	1
facile	nueva	easy (facile)	adjective	deux-carreaux-pour-hugo	“C'est facile.	1
fait	nueva	makes, does (faire)	verb	la-boule-porte-bonheur	Louise fait un nœud rouge.	3
fatiguée	nueva	tired (fatigué)	adjective	le-fauteuil-descend	Je ne suis jamais fatiguée”, rit Léa.	1
fauteuil	nueva	armchair (le fauteuil)	noun	le-fauteuil-descend	Le fauteuil descend	6
faux	nueva	wrong, not true (faux)	adjective	tu-prends-la-carte	“C'est faux!”	1
femme	nueva	woman (la femme)	noun	a-samedi-hugo	Une femme sort d'un taxi, avec son chien.	3
fermés	nueva	closed (fermé)	adjective	l-annonce-du-couloir	En haut, les volets sont fermés.	1
feuilles	nueva	leaves (la feuille)	noun	a-toi-la-boule	Un gros chat dort sur le banc, sous les feuilles.	2
ficelle	nueva	string (la ficelle)	noun	si-je-gagne-tu-restes	Sous le lampadaire, il mesure avec une ficelle.	1
fier	nueva	proud (fier)	adjective	le-torchon-a-la-main	Hugo est fier.	2
fois	nueva	time, as in once or twice (la fois)	noun	une-goutte-chaque-nuit	Il serre le tuyau, deux fois.	6
frigo	nueva	fridge (le frigo)	noun	mille-euros-sans-compter	Près du frigo, le vieux percolateur est cassé.	1
froid	nueva	cold (froid)	adjective	a-toi-la-boule	L'air du matin est froid.	3
fête	nueva	celebrates (fêter)	verb	trente-trois-bougies	Tout le monde chante, danse et fête Hugo.	1
gagnant	nueva	winner (le gagnant)	noun	trente-trois-bougies	Tu es le gagnant!”, dit Léa.	1
gagne	nueva	win, wins (gagner)	verb	si-je-gagne-tu-restes	Si je gagne, tu restes	6
gagner	nueva	to win (gagner)	verb	trente-trois-bougies	Léa laisse gagner Hugo.	1
gai	nueva	cheerful (gai)	adjective	trente-trois-bougies	Hugo est gai.	1
gare	nueva	train station (la gare)	noun	tu-prends-la-carte	Il arrive de la gare avec un grand sac.	2
genoux	nueva	knees (le genou)	noun	clara-tient-la-boule	Tu plies les genoux.	1
gentil	nueva	kind, nice (gentil)	adjective	theo-ecoute-pour-lea	Tu es gentil.”	1
gentille	nueva	kind, nice (gentil)	adjective	clara-tient-la-boule	Mais Clara est gentille.	1
gomme	nueva	rubber, eraser (la gomme)	noun	les-mots-a-l-envers	Elle efface avec la gomme.	1
gourde	nueva	water bottle (la gourde)	noun	clara-tient-la-boule	Léa pose sa gourde sur le banc.	2
goutte	nueva	drop of water (la goutte)	noun	une-goutte-chaque-nuit	Une goutte chaque nuit	4
gouttes	nueva	drops of water (la goutte)	noun	une-goutte-chaque-nuit	Léa écoute les gouttes chaque nuit.	1
grandit	nueva	grows (grandir)	verb	une-plante-pour-lea	“Elle grandit petit à petit”, rit Hugo.	1
gratuit	nueva	free, it costs nothing (gratuit)	adjective	tu-prends-la-carte	“Alors, c'est gratuit?”	3
grave	nueva	serious; no problem (pas grave)	adjective	tu-prends-la-carte	“Pas grave.	2
gravier	nueva	gravel (le gravier)	noun	si-je-gagne-tu-restes	Le gravier est encore chaud.	1
gros	nueva	big, fat (gros)	adjective	a-toi-la-boule	Un gros chat dort sur le banc, sous les feuilles.	2
guirlande	nueva	string of lights (la guirlande)	noun	trente-trois-bougies	Il y a une guirlande.	1
gâteau	nueva	cake (le gâteau)	noun	trente-trois-bougies	Sur le gâteau, il y a trente-trois bougies.	2
génial	nueva	great!, brilliant (génial)	adjective	la-boule-porte-bonheur	“Génial!”, dit Louise.	3
habite	nueva	lives (habiter)	verb	vingt-minutes-c-est-long	À Paris, Hugo habite en face du métro.	2
habitude	nueva	habit; usually (d'habitude)	noun	l-annonce-du-couloir	D'habitude, il vient le lundi, tard.	1
haut-parleur	nueva	loudspeaker (le haut-parleur)	noun	la-ligne-coupe-apres-hugo	Léa met le haut-parleur.	1
heureux	nueva	happy (heureux)	adjective	le-torchon-a-la-main	Il est heureux.	2
inconnue	nueva	stranger, a woman nobody knows (l'inconnue)	noun	a-samedi-hugo	Léa sait: c'est l'inconnue de l'écharpe.	4
j	nueva	I (j', from je before a vowel)	pronoun	les-mots-a-l-envers	“Ça y est, j'ai compris!”, dit Léa.	2
jeu	nueva	game (le jeu)	noun	trente-trois-bougies	C'est un jeu”, répond Léa.	4
joli	nueva	pretty, nice (joli)	adjective	la-boule-porte-bonheur	“Un joli cadeau coûte beaucoup”, répond Léa.	2
jolie	nueva	pretty, nice (joli)	adjective	clara-tient-la-boule	Clara trouve la placette jolie.	1
jouent	nueva	they play (jouer)	verb	une-boule-sous-le-platane	Ils jouent à la pétanque chaque dimanche.	1
jouer	nueva	to play (jouer)	verb	a-samedi-hugo	“À samedi, pour jouer?”	1
jour	nueva	day (le jour)	noun	a-toi-la-boule	“Un jour.	3
jours	nueva	days (le jour)	noun	le-fauteuil-descend	Un café tous les jours, jusqu'en mars”, répond Chloé.	2
joyeux	nueva	happy (joyeux anniversaire: happy birthday)	adjective	trente-trois-bougies	Tout le monde dit: “Joyeux anniversaire!”	1
jus	nueva	juice (le jus)	noun	tu-prends-la-carte	Elle apporte un jus d'orange: gratuit, pour un ami de Hugo.	1
klaxon	nueva	car horn (le klaxon)	noun	a-samedi-hugo	Le klaxon sonne deux fois.	1
lampadaire	nueva	street lamp (le lampadaire)	noun	si-je-gagne-tu-restes	Sous le lampadaire, il mesure avec une ficelle.	1
lampion	nueva	paper lantern (le lampion)	noun	trente-trois-bougies	Sous chaque platane, Léa allume un lampion.	2
lance	nueva	throws (lancer)	verb	treize-comme-avant	Léa lance.	2
large	nueva	wide (large)	adjective	le-fauteuil-descend	Le fauteuil de Hugo, là-haut, est large et lourd.	1
larmes	nueva	tears (la larme)	noun	a-samedi-hugo	Elle retient ses larmes.	2
lent	nueva	slow (lent)	adjective	vingt-minutes-c-est-long	C'est moins lent.”	1
lentement	nueva	slowly (lentement)	adverb	a-samedi-hugo	La voiture part lentement.	2
lettres	nueva	letters; letterbox (boîte aux lettres)	noun	l-annonce-du-couloir	Léa lit l'annonce sur la boîte aux lettres.	1
ligne	nueva	phone line (la ligne)	noun	la-ligne-coupe-apres-hugo	La ligne coupe après Hugo	2
linge	nueva	washing, laundry (le linge)	noun	la-ligne-coupe-apres-hugo	Sur le toit, le linge sèche entre les cheminées.	1
lit	nueva	reads (lire)	verb	les-mots-a-l-envers	Léa lit une phrase: “Tu me manques.”	2
locataire	nueva	tenant (le locataire)	noun	a-samedi-hugo	Clara est une nouvelle locataire, en manteau jaune.	3
long	nueva	long (long)	adjective	vingt-minutes-c-est-long	Vingt minutes, c'est long	3
louer	nueva	to rent out; for rent (à louer)	verb	l-annonce-du-couloir	Aujourd'hui, il a une annonce: “À louer.”	3
loyer	nueva	rent (le loyer)	noun	vingt-minutes-c-est-long	Le loyer coûte mille euros par mois.	4
lune	nueva	moon (la lune)	noun	les-mots-a-l-envers	Dehors, la lune est douce.	2
lunettes	nueva	glasses (les lunettes)	noun	clara-tient-la-boule	Clara a une casquette verte et des lunettes.	1
là-haut	nueva	up there (là-haut)	adverb	le-torchon-a-la-main	Il monte là-haut, à la maison.	3
lève	nueva	raises, lifts (lever)	verb	treize-comme-avant	Léa lève les bras.	1
machine	nueva	machine; here, the coffee machine (la machine)	noun	mille-euros-sans-compter	Léa garde son argent pour une nouvelle machine.	2
mal	nueva	badly; pain (avoir mal); not bad (pas mal)	adverb	les-mots-a-l-envers	Elle a mal à la tête.	5
manques	nueva	I miss you (tu me manques)	verb	les-mots-a-l-envers	Léa lit une phrase: “Tu me manques.”	3
manteau	nueva	coat (le manteau)	noun	a-samedi-hugo	Clara est une nouvelle locataire, en manteau jaune.	3
marches	nueva	you walk (marcher)	verb	vingt-minutes-c-est-long	“Tu marches un peu?”, demande Léa.	1
mars	nueva	March (mars)	noun	theo-ecoute-pour-lea	“Il part vraiment en mars.”	6
marseille	nueva	Marseille, the port city in the south of France	noun	si-je-gagne-tu-restes	Léa veut parier: “Si je gagne, tu restes à Marseille.	3
message	nueva	message (le message)	noun	theo-ecoute-pour-lea	Un message vocal arrive sur son portable.	1
mesure	nueva	measures (mesurer)	verb	si-je-gagne-tu-restes	Sous le lampadaire, il mesure avec une ficelle.	1
meubles	nueva	furniture (les meubles)	noun	l-annonce-du-couloir	Les meubles de Hugo vont à la cave, dessous.	2
miettes	nueva	crumbs (la miette)	noun	a-toi-la-boule	Léa balaie les miettes.	1
minute	nueva	minute (la minute)	noun	le-torchon-a-la-main	Hugo reste moins d'une minute.	1
minutes	nueva	minutes (la minute)	noun	vingt-minutes-c-est-long	Vingt minutes, c'est long	5
mistral	nueva	mistral, the strong cold wind of Provence (le mistral)	noun	deux-carreaux-pour-hugo	Elle porte son tablier, et le mistral arrive.	1
mois	nueva	month (le mois)	noun	vingt-minutes-c-est-long	Le loyer coûte mille euros par mois.	3
mon	nueva	my (mon)	determiner	vingt-minutes-c-est-long	“Mon travail est à vingt minutes”, dit Hugo.	3
montrer	nueva	to show (montrer)	verb	deux-carreaux-pour-hugo	Hugo veut montrer quelque chose à Léa.	1
montres	nueva	you show (montrer)	verb	deux-carreaux-pour-hugo	Mais demain, tu me montres.”	1
mot	nueva	word; a short note (le mot)	noun	des-pas-au-dessus	Elle laisse un mot: “Pour la nouvelle voisine, avec un café.	1
mots	nueva	words (le mot)	noun	les-mots-a-l-envers	Les mots à l'envers	2
mouchoir	nueva	handkerchief, tissue (le mouchoir)	noun	a-samedi-hugo	Hugo lui donne un mouchoir.	1
mur	nueva	wall (le mur)	noun	une-plante-pour-lea	Hugo peint le dernier mur en blanc.	1
méchant	nueva	mean, unkind (méchant)	adjective	l-annonce-du-couloir	“Je ne suis pas méchant.	1
méchante	nueva	mean, unkind (méchant)	adjective	des-pas-au-dessus	Léa ne peut pas être méchante.	1
métro	nueva	underground, metro (le métro)	noun	le-torchon-a-la-main	Le métro est en bas”, explique Hugo.	4
nappe	nueva	tablecloth (la nappe)	noun	les-mots-a-l-envers	Le cahier est sur la nappe du café.	1
ne	nueva	not (ne ... pas); no longer (ne ... plus)	adverb	le-torchon-a-la-main	Elle ne veut pas écouter, parce que c'est triste.	6
nettoie	nueva	cleans (nettoyer)	verb	si-je-gagne-tu-restes	Elle les nettoie avec un chiffon.	1
noir	nueva	black; black coffee (café noir)	adjective	tu-prends-la-carte	Elle sert un café noir.	1
nouveau	nueva	new (nouveau)	adjective	theo-ecoute-pour-lea	Le nouveau serveur s'appelle Théo.	1
nuit	nueva	night (la nuit)	noun	une-goutte-chaque-nuit	Une goutte chaque nuit	3
nœud	nueva	bow, knot (le nœud)	noun	la-boule-porte-bonheur	Louise fait un nœud rouge.	1
occupée	nueva	busy, with a lot to do (occupé)	adjective	theo-ecoute-pour-lea	Le café est plein, et Léa est occupée.	2
offrir	nueva	to give as a present (offrir)	verb	la-boule-porte-bonheur	Léa veut offrir un cadeau.	2
ombre	nueva	shade (l'ombre)	noun	deux-carreaux-pour-hugo	Ils restent à l'ombre tout l'après-midi.	1
orange	nueva	orange (l'orange)	noun	tu-prends-la-carte	Elle apporte un jus d'orange: gratuit, pour un ami de Hugo.	1
oreiller	nueva	pillow (l'oreiller)	noun	treize-comme-avant	Il rêve sur un vieil oreiller.	1
oreilles	nueva	ears (l'oreille)	noun	theo-ecoute-pour-lea	Il met les écouteurs dans ses oreilles.	1
outils	nueva	tools (l'outil)	noun	une-goutte-chaque-nuit	Cet après-midi, Hugo arrive avec une boîte à outils.	1
page	nueva	page (la page)	noun	les-mots-a-l-envers	Elle tourne la page.	1
paies	nueva	you pay (payer)	verb	treize-comme-avant	Tu paies le café?”	2
pain	nueva	bread; chocolate croissant (pain au chocolat)	noun	treize-comme-avant	Au petit-déjeuner, Hugo a un pain au chocolat.	1
paquet	nueva	parcel, package (le paquet)	noun	la-boule-porte-bonheur	Louise emballe le paquet avec du scotch.	3
parce	nueva	because (parce que)	conjunction	le-torchon-a-la-main	Elle ne veut pas écouter, parce que c'est triste.	2
pardon	nueva	sorry, excuse me (pardon)	interjection	theo-ecoute-pour-lea	“Pardon.	3
pari	nueva	bet (le pari)	noun	si-je-gagne-tu-restes	Léa n'oublie pas le pari.	2
parie	nueva	bet (parier)	verb	trente-trois-bougies	“On parie?”	3
parier	nueva	to bet (parier)	verb	si-je-gagne-tu-restes	Léa veut parier: “Si je gagne, tu restes à Marseille.	1
paris	nueva	Paris, the capital of France	noun	theo-ecoute-pour-lea	Il est à Paris, loin d'ici.	6
parquet	nueva	wooden floor (le parquet)	noun	des-pas-au-dessus	Le parquet est vieux.	1
pars	nueva	leave (partir)	verb	si-je-gagne-tu-restes	“Tu pars en mars.	3
part	nueva	leaves, goes off (partir)	verb	theo-ecoute-pour-lea	“Il part vraiment en mars.”	6
partage	nueva	share (partager)	verb	a-toi-la-boule	“Alors, on partage”, répond Léa.	2
partie	nueva	game, a round of pétanque (la partie)	noun	trente-trois-bougies	À la fin, il y a une dernière partie.	3
partout	nueva	everywhere (partout)	adverb	le-torchon-a-la-main	“Théo court partout.	3
pas	nueva	not (ne ... pas); steps (le pas)	adverb	le-torchon-a-la-main	Elle ne veut pas écouter, parce que c'est triste.	6
pastis	nueva	pastis, an aniseed drink from Marseille (le pastis)	noun	trente-trois-bougies	“Le pastis est sur la table!”, crie Léa.	2
peint	nueva	paints (peindre)	verb	une-plante-pour-lea	Hugo peint le dernier mur en blanc.	1
pense	nueva	think (penser)	verb	les-mots-a-l-envers	“Moi aussi, je pense à toi.”	2
percolateur	nueva	big coffee machine of a café (le percolateur)	noun	mille-euros-sans-compter	Près du frigo, le vieux percolateur est cassé.	3
perdant	nueva	loser (le perdant)	noun	trente-trois-bougies	“Le perdant paie le pastis”, dit Hugo.	2
perds	nueva	lose (perdre)	verb	trente-trois-bougies	“Tu perds pour moi?”, demande Hugo.	2
petit-déjeuner	nueva	breakfast (le petit-déjeuner)	noun	treize-comme-avant	Au petit-déjeuner, Hugo a un pain au chocolat.	1
photos	nueva	photos (la photo)	noun	le-torchon-a-la-main	Il montre les photos, une à une.	1
phrase	nueva	sentence (la phrase)	noun	les-mots-a-l-envers	Léa lit une phrase: “Tu me manques.”	1
pied	nueva	foot; on foot (à pied)	noun	vingt-minutes-c-est-long	Ici, le port est à dix minutes à pied.	1
placette	nueva	small square (la placette)	noun	a-toi-la-boule	La placette est tranquille, mais sale.	3
plafond	nueva	ceiling (le plafond)	noun	une-plante-pour-lea	Au plafond, Hugo allume une vieille ampoule.	2
plaisir	nueva	pleasure; gladly (avec plaisir)	noun	si-je-gagne-tu-restes	“Avec plaisir”, dit Hugo.	2
plan	nueva	map (le plan)	noun	vingt-minutes-c-est-long	Ils regardent le plan tous les deux.	1
plante	nueva	plant (la plante)	noun	a-samedi-hugo	“Tu arroses la plante?”	4
platane	nueva	plane tree, the big tree of southern squares (le platane)	noun	trente-trois-bougies	Sous chaque platane, Léa allume un lampion.	3
plateau	nueva	tray (le plateau)	noun	theo-ecoute-pour-lea	Il court entre les tables avec son plateau.	1
plaît	nueva	please (s'il te plaît)	expression	une-plante-pour-lea	“Tu l'arroses tous les matins, s'il te plaît?”	1
plein	nueva	full, busy with people (plein)	adjective	theo-ecoute-pour-lea	Le café est plein, et Léa est occupée.	2
pleurer	nueva	to cry (pleurer)	verb	a-samedi-hugo	Je ne veux pas pleurer.”	1
plies	nueva	you bend (plier)	verb	clara-tient-la-boule	Tu plies les genoux.	1
plus	nueva	no longer (ne ... plus); more (plus)	adverb	une-goutte-chaque-nuit	Maintenant, tu n'as plus besoin de moi.”	6
poche	nueva	pocket (la poche)	noun	a-samedi-hugo	Léa serre le cochonnet dans sa poche.	1
poignée	nueva	door handle (la poignée)	noun	l-annonce-du-couloir	Léa touche doucement la poignée de la porte de Hugo.	1
points	nueva	points (le point)	noun	treize-comme-avant	“On joue en treize points.	1
port	nueva	harbour, port (le port)	noun	vingt-minutes-c-est-long	Ici, le port est à dix minutes à pied.	3
portable	nueva	mobile phone (le portable)	noun	theo-ecoute-pour-lea	Un message vocal arrive sur son portable.	6
porte-bonheur	nueva	lucky charm (le porte-bonheur)	noun	la-boule-porte-bonheur	La boule porte-bonheur	5
portent	nueva	they carry (porter)	verb	le-fauteuil-descend	Elles portent le fauteuil lentement, ensemble.	1
porter	nueva	to carry (porter)	verb	le-fauteuil-descend	Léa veut le porter en bas, au café.	1
poubelle	nueva	bin (la poubelle)	noun	a-toi-la-boule	Les restes du gâteau vont à la poubelle.	1
pourquoi	nueva	why (pourquoi)	adverb	la-boule-porte-bonheur	“Pourquoi cette boule?”, demande Louise, surprise.	3
poussière	nueva	dust (la poussière)	noun	clara-tient-la-boule	La poussière vole.	1
prends	nueva	take; here, pay with (prendre)	verb	tu-prends-la-carte	Tu prends la carte?	2
printemps	nueva	spring (le printemps)	noun	clara-tient-la-boule	C'est le printemps, et le soleil est chaud.	1
prochaine	nueva	next (prochain)	adjective	treize-comme-avant	“La prochaine fois, c'est moi”, sourit Hugo.	1
propre	nueva	clean (propre)	adjective	une-goutte-chaque-nuit	Le sol est propre.	1
propriétaire	nueva	owner, landlord (le propriétaire)	noun	l-annonce-du-couloir	Antoine, le propriétaire de l'immeuble, entre dans le café.	1
près	nueva	near, close (près)	adverb	vingt-minutes-c-est-long	Tout est près.	6
prêter	nueva	to lend (prêter)	verb	mille-euros-sans-compter	Ensuite, il dit: “Léa, tu peux me prêter de l'argent?	1
pétanque	nueva	pétanque, the boules game of the south of France (la pétanque)	noun	clara-tient-la-boule	Chaque dimanche, Léa joue à la pétanque, seule maintenant.	2
quai	nueva	platform (le quai)	noun	vingt-minutes-c-est-long	Le matin, le quai du métro est plein et étroit.	1
quitte	nueva	leave, leaves (quitter)	verb	mille-euros-sans-compter	Hugo quitte le café.	2
racontes	nueva	you tell, you talk about it (raconter)	verb	le-torchon-a-la-main	Tu racontes?”, dit Léa.	1
raison	nueva	reason; to be right (avoir raison)	noun	une-goutte-chaque-nuit	“Tu as raison”, répond Hugo.	2
ramasse	nueva	picks up (ramasser)	verb	a-toi-la-boule	Elle ramasse les bouchons et un lampion rouge.	4
rampe	nueva	banister, handrail (la rampe)	noun	le-fauteuil-descend	La rampe est froide sous la main.	2
rappelle	nueva	calls back (rappeler)	verb	la-ligne-coupe-apres-hugo	Hugo rappelle.	1
rates	nueva	you miss (rater)	verb	deux-carreaux-pour-hugo	“Si tu rates, tu paies les cafés”, propose Hugo.	1
regardent	nueva	they look at (regarder)	verb	vingt-minutes-c-est-long	Ils regardent le plan tous les deux.	1
rends	nueva	give back, pay back (rendre)	verb	a-toi-la-boule	Et je te rends ton argent.”	3
restes	nueva	leftovers (les restes); you stay (rester)	noun	a-toi-la-boule	Les restes du gâteau vont à la poubelle.	5
retour	nueva	return; welcome back (bon retour)	noun	a-toi-la-boule	“Et le retour?”	2
retourne	nueva	turns over; goes back (retourner)	verb	theo-ecoute-pour-lea	Léa retourne le portable et sert les cafés.	2
revanche	nueva	rematch (la revanche)	noun	treize-comme-avant	“Et la revanche?”, rit Hugo.	1
revoir	nueva	goodbye (au revoir)	expression	le-torchon-a-la-main	Au revoir, Léa.”	2
robinet	nueva	tap (le robinet)	noun	une-goutte-chaque-nuit	Une goutte tombe du robinet.	4
rond	nueva	circle (le rond)	noun	si-je-gagne-tu-restes	Hugo dessine un rond avec la craie.	1
ronde	nueva	round (rond)	adjective	la-boule-porte-bonheur	Léa garde la boule ronde dans sa main.	2
roule	nueva	rolls (rouler)	verb	trente-trois-bougies	Sa boule roule loin, exprès.	4
réparer	nueva	to repair, to fix (réparer)	verb	une-goutte-chaque-nuit	“Tu sais réparer?”, demande Léa.	2
réseau	nueva	phone signal (le réseau)	noun	la-ligne-coupe-apres-hugo	En bas, le café n'a pas de réseau.	1
réveil	nueva	alarm clock (le réveil)	noun	a-samedi-hugo	Ce matin, le réveil sonne tôt.	1
réveillé	nueva	awake (réveillé)	adjective	a-toi-la-boule	Hugo arrive, pas encore réveillé.	1
rêve	nueva	dreams (rêver)	verb	les-mots-a-l-envers	Léa rêve.	2
sac	nueva	bag (le sac)	noun	tu-prends-la-carte	Il arrive de la gare avec un grand sac.	2
sale	nueva	dirty (sale)	adjective	une-goutte-chaque-nuit	Le tuyau est sale.	2
salue	nueva	greets, says hello to (saluer)	verb	des-pas-au-dessus	Elle salue Léa avec un sourire.	1
samedi	nueva	Saturday (samedi)	noun	la-boule-porte-bonheur	Samedi, Hugo a trente-trois ans.	6
scotch	nueva	sticky tape (le scotch)	noun	la-boule-porte-bonheur	Louise emballe le paquet avec du scotch.	1
seau	nueva	bucket (le seau)	noun	une-goutte-chaque-nuit	Hugo met un seau dessous.	1
secoue	nueva	shakes (secouer)	verb	le-torchon-a-la-main	Léa secoue la tête.	1
serre	nueva	squeezes, holds tight (serrer); shakes hands (serrer la main)	verb	une-goutte-chaque-nuit	Il serre le tuyau, deux fois.	4
sert	nueva	serves (servir)	verb	theo-ecoute-pour-lea	Léa retourne le portable et sert les cafés.	3
serveur	nueva	waiter (le serveur)	noun	theo-ecoute-pour-lea	Le nouveau serveur s'appelle Théo.	1
service	nueva	favour, a thing you do to help (le service)	noun	une-goutte-chaque-nuit	Un service pour un service.”	3
serviette	nueva	napkin (la serviette)	noun	tu-prends-la-carte	Léa rit avec la serviette sur la bouche.	1
seule	nueva	alone (seul)	adjective	une-goutte-chaque-nuit	Elle est toute seule avec le silence.	5
soir	nueva	evening (le soir)	noun	les-mots-a-l-envers	Ce soir, Hugo boit un café à côté.	2
sol	nueva	floor (le sol)	noun	une-goutte-chaque-nuit	Léa sèche le sol avec une éponge.	2
sonnette	nueva	doorbell (la sonnette)	noun	le-torchon-a-la-main	Léa monte, mais il n'y a pas de sonnette.	1
souffle	nueva	blows (souffler)	verb	trente-trois-bougies	Hugo souffle et éteint les bougies.	2
sourire	nueva	smile (le sourire)	noun	des-pas-au-dessus	Elle salue Léa avec un sourire.	1
stylo	nueva	pen (le stylo)	noun	mille-euros-sans-compter	Hugo prend un stylo.	1
sucre	nueva	sugar (le sucre)	noun	tu-prends-la-carte	Il met du sucre, parce que c'est amer.	1
surpris	nueva	surprised (surpris)	adjective	tu-prends-la-carte	Maxime est surpris: le café est petit.	2
surprise	nueva	surprised (surpris)	adjective	la-boule-porte-bonheur	“Pourquoi cette boule?”, demande Louise, surprise.	1
sympa	nueva	nice, friendly (sympa)	adjective	tu-prends-la-carte	Léa ne veut pas trouver Maxime sympa.	2
sèche	nueva	dries (sécher); dry (sec)	verb	le-torchon-a-la-main	Léa sèche les tasses à l'évier avec un torchon.	4
sûre	nueva	sure (sûr)	adjective	le-fauteuil-descend	“Tu es sûre?	1
tablier	nueva	apron (le tablier)	noun	deux-carreaux-pour-hugo	Elle porte son tablier, et le mistral arrive.	1
tabouret	nueva	stool, a seat with no back (le tabouret)	noun	theo-ecoute-pour-lea	Il est sur un tabouret, à côté d'elle.	1
tasses	nueva	cups (la tasse)	noun	theo-ecoute-pour-lea	J'oublie toujours où sont les tasses”, dit Théo.	4
taxi	nueva	taxi (le taxi)	noun	a-samedi-hugo	Une femme sort d'un taxi, avec son chien.	1
tgv	nueva	TGV, the French high-speed train	noun	treize-comme-avant	Un samedi d'avril, Hugo arrive en TGV, heureux.	1
tiens	nueva	hold (tenir)	verb	clara-tient-la-boule	“Tu tiens la boule comme ça.	2
tire	nueva	shoots, in pétanque (tirer); pulls (tirer)	verb	treize-comme-avant	Hugo tire droit.	4
tirelire	nueva	piggy bank (la tirelire)	noun	la-boule-porte-bonheur	Aujourd'hui, la tirelire de Léa est vide.	3
tires	nueva	you shoot, in pétanque (tirer)	verb	trente-trois-bougies	Tu tires mal!”, dit Hugo.	1
tiroir	nueva	drawer (le tiroir)	noun	la-boule-porte-bonheur	Léa ouvre le tiroir.	3
tiède	nueva	lukewarm, only a little warm (tiède)	adjective	le-torchon-a-la-main	L'eau est tiède.	2
torchon	nueva	tea towel (le torchon)	noun	le-torchon-a-la-main	Le torchon à la main	3
tranquille	nueva	quiet, calm (tranquille)	adjective	a-toi-la-boule	La placette est tranquille, mais sale.	2
travail	nueva	work, job (le travail)	noun	vingt-minutes-c-est-long	“Mon travail est à vingt minutes”, dit Hugo.	2
triche	nueva	cheats (tricher)	verb	treize-comme-avant	Mais personne ne triche”, dit Léa.	1
triste	nueva	sad (triste)	adjective	le-torchon-a-la-main	Elle ne veut pas écouter, parce que c'est triste.	6
trouver	nueva	to find; to think someone is (trouver)	verb	tu-prends-la-carte	Léa ne veut pas trouver Maxime sympa.	1
tuyau	nueva	pipe (le tuyau)	noun	une-goutte-chaque-nuit	Le tuyau est sale.	2
vends	nueva	sell (vendre)	verb	l-annonce-du-couloir	Et si je vends ma vieille machine?”	1
verse	nueva	pours (verser)	verb	une-plante-pour-lea	Léa verse l'eau doucement.	1
vident	nueva	they empty (vider)	verb	une-plante-pour-lea	Hugo et Léa vident la cuisine ensemble.	1
vieil	nueva	old (vieux, before a vowel)	adjective	treize-comme-avant	Il rêve sur un vieil oreiller.	1
vient	nueva	comes (venir)	verb	tu-prends-la-carte	Il vient de Paris.	3
vitrine	nueva	shop window (la vitrine)	noun	le-torchon-a-la-main	La vitrine est noire.	1
vivante	nueva	alive (vivant)	adjective	une-plante-pour-lea	“Elle est vivante, tu vois?	1
vocal	nueva	voice, spoken (message vocal: voice message)	adjective	theo-ecoute-pour-lea	Un message vocal arrive sur son portable.	1
voir	nueva	to see (voir)	verb	une-goutte-chaque-nuit	“Mais je commence à voir.”	2
vois	nueva	you see (voir)	verb	une-plante-pour-lea	“Elle est vivante, tu vois?	1
vole	nueva	flies (voler)	verb	clara-tient-la-boule	La poussière vole.	1
volets	nueva	shutters (le volet)	noun	l-annonce-du-couloir	En haut, les volets sont fermés.	2
vont	nueva	go (aller)	verb	a-toi-la-boule	Les restes du gâteau vont à la poubelle.	3
voyage	nueva	trip; have a good trip (bon voyage)	noun	a-samedi-hugo	“Bon voyage, Hugo”, dit Léa.	1
vraiment	nueva	really (vraiment)	adverb	theo-ecoute-pour-lea	“Il part vraiment en mars.”	3
vue	nueva	view (la vue)	noun	le-torchon-a-la-main	“La vue est belle.	1
vélo	nueva	bike (le vélo)	noun	vingt-minutes-c-est-long	J'achète un vélo neuf.	1
yeux	nueva	eyes (l'œil)	noun	la-ligne-coupe-apres-hugo	Léa ferme les yeux et retient ses larmes.	1
écharpe	nueva	scarf (l'écharpe)	noun	a-samedi-hugo	Léa sait: c'est l'inconnue de l'écharpe.	3
écouter	nueva	to listen (écouter)	verb	theo-ecoute-pour-lea	Tu peux écouter pour moi?”, demande Léa.	2
écouteurs	nueva	earphones (les écouteurs)	noun	theo-ecoute-pour-lea	Il met les écouteurs dans ses oreilles.	1
égalité	nueva	tie, the same score (l'égalité)	noun	treize-comme-avant	Douze à douze: c'est l'égalité.	1
élève	nueva	pupil, student (l'élève)	noun	clara-tient-la-boule	Clara est une bonne élève.	1
éponge	nueva	sponge (l'éponge)	noun	une-goutte-chaque-nuit	Léa sèche le sol avec une éponge.	1
étagère	nueva	shelf (l'étagère)	noun	le-torchon-a-la-main	Elle les pose sur l'étagère.	1
éteint	nueva	blows out (éteindre); switched off (éteint)	verb	trente-trois-bougies	Hugo souffle et éteint les bougies.	2
étoile	nueva	star (l'étoile)	noun	les-mots-a-l-envers	Sous la lune, il y a une étoile.	1
étroit	nueva	narrow (étroit)	adjective	vingt-minutes-c-est-long	Le matin, le quai du métro est plein et étroit.	2
évier	nueva	sink (l'évier)	noun	le-torchon-a-la-main	Léa sèche les tasses à l'évier avec un torchon.	1
être	nueva	to be (être)	verb	des-pas-au-dessus	Léa ne peut pas être méchante.	1
appelle	copia corregida	is called, is named (s'appeler); calls (appeler)	verb	theo-ecoute-pour-lea	Le nouveau serveur s'appelle Théo.	3
assez	copia corregida	enough (assez)	adverb	mille-euros-sans-compter	Hugo n'a pas assez d'argent.	2
bleue	copia corregida	blue (bleu); bank card (carte bleue)	adjective	tu-prends-la-carte	La carte bleue, pour payer!”	3
bon	copia corregida	well, OK; good (bon)	adjective	le-torchon-a-la-main	“Bon.	3
cafés	copia corregida	coffees (le café)	noun	theo-ecoute-pour-lea	Léa retourne le portable et sert les cafés.	3
carte	copia corregida	card, bank card; menu (la carte)	noun	tu-prends-la-carte	Tu prends la carte?	6
court	copia corregida	runs (courir)	verb	theo-ecoute-pour-lea	Il court entre les tables avec son plateau.	2
dois	copia corregida	must, have to (devoir)	verb	la-ligne-coupe-apres-hugo	Je dois commencer en mars”, dit Hugo.	2
dort	copia corregida	sleeps (dormir)	verb	a-toi-la-boule	Un gros chat dort sur le banc, sous les feuilles.	2
entend	copia corregida	hears (entendre)	verb	vingt-minutes-c-est-long	Dehors, on entend le bateau du port.	5
haut	copia corregida	high, up; upstairs (en haut)	adverb	l-annonce-du-couloir	L'appartement en haut est déjà presque vide.	3
joue	copia corregida	plays (jouer); cheek (la joue)	verb	si-je-gagne-tu-restes	Léa espère, mais ce soir, il joue bien.	6
joues	copia corregida	you play (jouer)	verb	a-toi-la-boule	“Tu joues à Paris?”, demande Léa.	1
juste	copia corregida	just, only (juste)	adverb	mille-euros-sans-compter	C'est juste assez.	2
laisse	copia corregida	lets, leaves (laisser); lead for a dog (la laisse)	verb	trente-trois-bougies	Léa laisse gagner Hugo.	3
libre	copia corregida	free, available (libre)	adjective	le-fauteuil-descend	Je suis libre”, dit Chloé.	2
maison	copia corregida	home, house; at home (à la maison)	noun	le-torchon-a-la-main	Il monte là-haut, à la maison.	2
montre	copia corregida	shows (montrer); watch (la montre)	verb	le-torchon-a-la-main	“Léa, je te montre l'appartement!	3
neuf	copia corregida	new, brand new (neuf)	adjective	vingt-minutes-c-est-long	J'achète un vélo neuf.	2
noire	copia corregida	black, dark (noir)	adjective	le-torchon-a-la-main	La vitrine est noire.	1
oublie	copia corregida	forget, forgets (oublier)	verb	theo-ecoute-pour-lea	J'oublie toujours où sont les tasses”, dit Théo.	3
ouvre	copia corregida	opens (ouvrir)	verb	une-goutte-chaque-nuit	Elle ouvre le robinet, puis elle le ferme.	4
peux	copia corregida	can (pouvoir)	verb	theo-ecoute-pour-lea	Tu peux écouter pour moi?”, demande Léa.	5
place	copia corregida	place, spot (la place)	noun	deux-carreaux-pour-hugo	Sa boule reste à sa place: c'est un carreau.	2
porte	copia corregida	brings, wears (porter); door (la porte)	verb	la-boule-porte-bonheur	Cette boule porte chance.	3
rate	copia corregida	misses (rater)	verb	clara-tient-la-boule	Sa boule roule loin, et elle rate le cochonnet.	3
retient	copia corregida	holds back (retenir)	verb	a-samedi-hugo	Elle retient ses larmes.	2
répond	copia corregida	answers (répondre)	verb	theo-ecoute-pour-lea	“Hugo a un appartement à Paris”, répond Théo.	6
sais	copia corregida	know (savoir)	verb	une-goutte-chaque-nuit	“Tu sais réparer?”, demande Léa.	4
sens	copia corregida	meaning (le sens)	noun	les-mots-a-l-envers	Léa ne comprend pas le sens.	1
tape	copia corregida	hits, knocks (taper)	verb	deux-carreaux-pour-hugo	La boule de Hugo tape l'autre boule.	1
tapis	copia corregida	rug (le tapis)	noun	le-fauteuil-descend	Le tapis est à côté.	1
terre	copia corregida	soil, earth (la terre)	noun	une-plante-pour-lea	La terre est sèche.	2
tirer	copia corregida	to shoot, in pétanque: to throw at a boule (tirer)	verb	clara-tient-la-boule	Clara veut tirer.	2
tourne	copia corregida	turns (tourner)	verb	une-goutte-chaque-nuit	Hugo tourne, et l'eau coule partout.	3
trouve	copia corregida	finds, thinks (trouver)	verb	clara-tient-la-boule	Clara trouve la placette jolie.	1
va	copia corregida	goes (aller); how are you? (ça va?)	verb	vingt-minutes-c-est-long	“Et le métro va vite?”	3
voisine	copia corregida	neighbour (la voisine)	noun	le-fauteuil-descend	Chloé, une nouvelle voisine, a une petite camionnette.	2
a	copia de french-traveler	has (avoir); there is (il y a)	verb	theo-ecoute-pour-lea	Il y a du bruit dans le café.	6
air	copia de french-expat-lyon	air (l'air)	noun	a-toi-la-boule	L'air du matin est froid.	2
allume	copia de french-expat-lyon	to switch on a light or a machine (allumer)	verb	trente-trois-bougies	Sous chaque platane, Léa allume un lampion.	2
alors	copia de french-expat-lyon	so, then (alors)	adverb	tu-prends-la-carte	“Alors, c'est gratuit?”	4
ans	copia de french-expat-lyon	years (l'an)	noun	la-boule-porte-bonheur	Samedi, Hugo a trente-trois ans.	2
appartement	copia de french-expat-lyon	flat, apartment (l'appartement)	noun	theo-ecoute-pour-lea	“Hugo a un appartement à Paris”, répond Théo.	6
applaudit	copia de french-traveler	claps, applauds (applaudir)	verb	trente-trois-bougies	Léa applaudit vraiment fort, et regarde le banc.	1
apporte	copia de french-traveler	brings (apporter)	verb	tu-prends-la-carte	Elle apporte un jus d'orange: gratuit, pour un ami de Hugo.	2
après	copia de french-traveler	after	preposition	clara-tient-la-boule	Après, Léa sert deux cafés.	3
arrive	copia de french-traveler	arrives (arriver)	verb	theo-ecoute-pour-lea	Un message vocal arrive sur son portable.	6
arrêt	copia de french-expat-lyon	stop for a tram or bus (l'arrêt)	noun	vingt-minutes-c-est-long	L'arrêt du bus est en bas.	1
as	copia de french-expat-lyon	you have (avoir)	verb	une-goutte-chaque-nuit	“Tu as raison”, répond Hugo.	1
attend	copia de french-traveler	waits (attendre)	verb	theo-ecoute-pour-lea	Léa attend.	4
attendent	copia de french-expat-lyon	they wait (attendre)	verb	une-boule-sous-le-platane	Les boules attendent sur le banc, sous le platane.	1
aussi	copia de french-expat-lyon	also (aussi)	adverb	les-mots-a-l-envers	“Moi aussi, je pense à toi.”	2
autre	copia de french-traveler	other, different	adjective	une-goutte-chaque-nuit	Puis une autre goutte.	3
avant	copia de french-expat-lyon	before (avant)	preposition	mille-euros-sans-compter	“Le loyer commence avant mon départ.”	6
avec	copia de french-traveler	with	preposition	theo-ecoute-pour-lea	Il court entre les tables avec son plateau.	6
avril	copia de french-expat-lyon	April (avril)	noun	treize-comme-avant	Un samedi d'avril, Hugo arrive en TGV, heureux.	1
baguette	copia de french-expat-lyon	long thin French bread (la baguette)	noun	treize-comme-avant	Le café sent la baguette.	1
beau	copia de french-expat-lyon	beautiful (beau)	adjective	des-pas-au-dessus	“Il est beau, ce chien”, dit Léa.	1
beaucoup	copia de french-expat-lyon	lot, very much (beaucoup)	adverb	tu-prends-la-carte	“Merci beaucoup.	6
belle	copia de french-traveler	beautiful (beau)	adjective	le-torchon-a-la-main	“La vue est belle.	1
bien	copia de french-traveler	well, good	adverb	theo-ecoute-pour-lea	“Bien sûr”, sourit Théo.	2
boit	copia de french-traveler	drinks (boire)	verb	les-mots-a-l-envers	Ce soir, Hugo boit un café à côté.	2
boîte	copia de french-expat-lyon	small box that holds things (la boîte)	noun	une-goutte-chaque-nuit	Cet après-midi, Hugo arrive avec une boîte à outils.	2
bravo	copia de french-traveler	bravo, well done	expression	une-goutte-chaque-nuit	“Bravo, Hugo!	3
bruit	copia de french-expat-lyon	sound you can hear, often a loud one (le bruit)	noun	theo-ecoute-pour-lea	Il y a du bruit dans le café.	3
café	copia de french-traveler	café; coffee (le café)	noun	theo-ecoute-pour-lea	Il y a du bruit dans le café.	6
cet	copia de french-expat-lyon	this (cet)	determiner	une-goutte-chaque-nuit	Cet après-midi, Hugo arrive avec une boîte à outils.	1
chaque	copia de french-expat-lyon	each, every (chaque)	determiner	une-goutte-chaque-nuit	Une goutte chaque nuit	6
chaud	copia de french-traveler	hot, warm	adjective	tu-prends-la-carte	“Attention, c'est chaud!”	3
cher	copia de french-expat-lyon	expensive (cher); dear (cher)	adjective	le-torchon-a-la-main	Il est petit, et je paie cher.”	3
chez	copia de french-expat-lyon	at the home of (chez)	preposition	a-toi-la-boule	À la fin, il rentre chez lui.	2
ciel	copia de french-traveler	sky (le ciel)	noun	si-je-gagne-tu-restes	Le ciel est rouge au-dessus du Panier.	1
coin	copia de french-expat-lyon	place where two walls meet (le coin)	noun	le-fauteuil-descend	Le fauteuil prend le coin de Léa.	1
combien	copia de french-expat-lyon	how many (combien)	adverb	tu-prends-la-carte	C'est combien?”	2
comme	copia de french-traveler	like, as	conjunction	le-torchon-a-la-main	“Comme ça, maintenant?”	6
commence	copia de french-expat-lyon	starts (commencer)	verb	theo-ecoute-pour-lea	Il commence aujourd'hui.	3
comprend	copia de french-expat-lyon	understands (comprendre)	verb	theo-ecoute-pour-lea	Léa comprend.	6
compte	copia de french-expat-lyon	to say numbers one after the other (compter)	verb	la-boule-porte-bonheur	Je compte, et je compte encore.”	3
comptoir	copia de french-expat-lyon	long high table in a shop (le comptoir)	noun	la-boule-porte-bonheur	Léa cache le paquet sous le comptoir.	2
corrige	copia de french-expat-lyon	to say the right thing after a mistake (corriger)	verb	clara-tient-la-boule	Elle corrige la main de Clara, comme Hugo.	1
couloir	copia de french-expat-lyon	corridor (le couloir)	noun	l-annonce-du-couloir	L'annonce du couloir	2
coupe	copia de french-expat-lyon	to cut something into two parts (couper)	verb	la-boule-porte-bonheur	Louise coupe le papier avec les ciseaux.	2
coûte	copia de french-expat-lyon	to have a price of (coûter)	verb	vingt-minutes-c-est-long	Le loyer coûte mille euros par mois.	2
crie	copia de french-traveler	shouts (crier)	verb	theo-ecoute-pour-lea	Je n'entends rien”, crie Léa.	2
cuisine	copia de french-expat-lyon	room where you cook your food (la cuisine)	noun	une-plante-pour-lea	Hugo et Léa vident la cuisine ensemble.	1
d	copia de french-traveler	of, from (d', from de before a vowel)	preposition	tu-prends-la-carte	“D'où tu viens?”, demande Léa.	2
dans	copia de french-traveler	in, inside	preposition	theo-ecoute-pour-lea	Il y a du bruit dans le café.	6
danse	copia de french-traveler	dances (danser)	verb	trente-trois-bougies	Tout le monde chante, danse et fête Hugo.	1
de	copia de french-traveler	of, from	preposition	theo-ecoute-pour-lea	Léa écoute, mais il y a trop de bruit.	6
dedans	copia de french-expat-lyon	inside, in the middle part of something (dedans)	adverb	la-boule-porte-bonheur	Dedans, il y a sa boule porte-bonheur.	1
dehors	copia de french-expat-lyon	outside, not inside a building (dehors)	adverb	vingt-minutes-c-est-long	Dehors, on entend le bateau du port.	2
demain	copia de french-traveler	tomorrow	adverb	l-annonce-du-couloir	Demain, je choisis un locataire.”	2
demande	copia de french-traveler	asks (demander)	verb	theo-ecoute-pour-lea	Tu peux écouter pour moi?”, demande Léa.	6
dernier	copia de french-traveler	last, final	adjective	une-plante-pour-lea	Hugo peint le dernier mur en blanc.	1
dernière	copia de french-expat-lyon	one just before this one (dernier)	adjective	trente-trois-bougies	À la fin, il y a une dernière partie.	4
descend	copia de french-expat-lyon	goes down (descendre)	verb	a-samedi-hugo	Hugo descend avec une valise lourde.	5
difficile	copia de french-expat-lyon	hard to do or to understand (difficile)	adjective	theo-ecoute-pour-lea	“C'est difficile ici.	3
dire	copia de french-expat-lyon	to say (dire)	verb	tu-prends-la-carte	Ça veut dire ça!”	3
dit	copia de french-traveler	says (dire)	verb	theo-ecoute-pour-lea	J'oublie toujours où sont les tasses”, dit Théo.	6
donne	copia de french-expat-lyon	to put something into somebody's hands (donner)	verb	theo-ecoute-pour-lea	Léa donne son portable à Théo.	5
douce	copia de french-traveler	soft, gentle (doux)	adjective	les-mots-a-l-envers	Dehors, la lune est douce.	2
doucement	copia de french-expat-lyon	slowly and without noise (doucement)	adverb	a-toi-la-boule	Il déchire doucement le papier.	5
déjà	copia de french-expat-lyon	already (déjà)	adverb	les-mots-a-l-envers	Déjà.”	3
eau	copia de french-traveler	water (l'eau)	noun	le-torchon-a-la-main	L'eau est tiède.	6
elle	copia de french-traveler	she; it (feminine)	pronoun	theo-ecoute-pour-lea	Il est sur un tabouret, à côté d'elle.	6
elles	copia de french-expat-lyon	they, women (elles)	pronoun	le-fauteuil-descend	Elles portent le fauteuil lentement, ensemble.	1
en	copia de french-expat-lyon	in; of it (en)	preposition	theo-ecoute-pour-lea	“Il part vraiment en mars.”	6
encore	copia de french-traveler	again; still	adverb	les-mots-a-l-envers	Elle écrit encore, toute seule: amis pour toujours.	6
enfin	copia de french-expat-lyon	after a long wait, at last (enfin)	adverb	les-mots-a-l-envers	“Enfin!”, rit Hugo.	2
ensemble	copia de french-expat-lyon	with each other, not alone (ensemble)	adverb	le-fauteuil-descend	Elles portent le fauteuil lentement, ensemble.	2
entre	copia de french-traveler	enters (entrer); between	verb	theo-ecoute-pour-lea	Il court entre les tables avec son plateau.	4
escalier	copia de french-expat-lyon	steps you climb to go up (l'escalier)	noun	le-fauteuil-descend	Mais l'escalier est étroit.	2
est	copia de french-traveler	is (être)	verb	theo-ecoute-pour-lea	Le café est plein, et Léa est occupée.	6
et	copia de french-traveler	and	conjunction	theo-ecoute-pour-lea	Le café est plein, et Léa est occupée.	6
euros	copia de french-expat-lyon	money used in France (l'euro)	noun	vingt-minutes-c-est-long	Le loyer coûte mille euros par mois.	6
explique	copia de french-expat-lyon	to say something so others understand (expliquer)	verb	le-torchon-a-la-main	Le métro est en bas”, explique Hugo.	6
exprès	copia de french-expat-lyon	on purpose, because you want to (exprès)	adverb	trente-trois-bougies	Sa boule roule loin, exprès.	2
fenêtre	copia de french-expat-lyon	glass opening that lets light into a room (la fenêtre)	noun	une-plante-pour-lea	À la fenêtre, il y a une plante verte.	1
ferme	copia de french-expat-lyon	closes (fermer)	verb	une-goutte-chaque-nuit	Elle ouvre le robinet, puis elle le ferme.	3
fin	copia de french-expat-lyon	end (la fin)	noun	trente-trois-bougies	À la fin, il y a une dernière partie.	2
fini	copia de french-expat-lyon	finished (finir)	verb	une-goutte-chaque-nuit	Fini”, dit Hugo.	2
fort	copia de french-expat-lyon	loudly, with a lot of noise (fort)	adverb	trente-trois-bougies	Léa applaudit vraiment fort, et regarde le banc.	3
frappe	copia de french-expat-lyon	knocks (frapper)	verb	le-torchon-a-la-main	Elle frappe, le torchon à la main.	1
froide	copia de french-traveler	cold (froid)	adjective	une-boule-sous-le-platane	Léa prend sa boule ronde et froide.	2
garde	copia de french-expat-lyon	to keep something for somebody (garder)	verb	la-boule-porte-bonheur	Léa garde la boule ronde dans sa main.	2
grand	copia de french-expat-lyon	big (grand)	adjective	le-torchon-a-la-main	Sans lui, le café est grand et vide.	2
hui	copia de french-traveler	today (aujourd'hui)	adverb	theo-ecoute-pour-lea	Il commence aujourd'hui.	4
ici	copia de french-traveler	here	adverb	theo-ecoute-pour-lea	Il est à Paris, loin d'ici.	6
il	copia de french-traveler	he; there is (it; il y a)	pronoun	theo-ecoute-pour-lea	Il y a du bruit dans le café.	6
ils	copia de french-traveler	they (masculine or mixed)	pronoun	vingt-minutes-c-est-long	Ils regardent le plan tous les deux.	3
immeuble	copia de french-expat-lyon	block of flats (l'immeuble)	noun	l-annonce-du-couloir	Antoine, le propriétaire de l'immeuble, entre dans le café.	1
invite	copia de french-expat-lyon	to ask somebody to come to your home (inviter)	verb	trente-trois-bougies	Pour l'anniversaire de Hugo, Léa invite les amis.	1
jamais	copia de french-expat-lyon	never (jamais)	adverb	si-je-gagne-tu-restes	Il ne dit jamais non à Léa.	2
jaune	copia de french-expat-lyon	colour of the sun (jaune)	adjective	a-samedi-hugo	Clara est une nouvelle locataire, en manteau jaune.	3
je	copia de french-traveler	I	pronoun	theo-ecoute-pour-lea	Je n'entends rien”, crie Léa.	6
jeune	copia de french-expat-lyon	young, not old at all (jeune)	adjective	une-boule-sous-le-platane	Léa est une jeune femme de Marseille.	1
jusqu	copia de french-expat-lyon	until (jusqu'à)	preposition	le-fauteuil-descend	Un café tous les jours, jusqu'en mars”, répond Chloé.	1
loin	copia de french-expat-lyon	far (loin)	adverb	theo-ecoute-pour-lea	Il est à Paris, loin d'ici.	6
lourd	copia de french-expat-lyon	heavy (lourd)	adjective	le-fauteuil-descend	Le fauteuil de Hugo, là-haut, est large et lourd.	1
lourde	copia de french-expat-lyon	heavy, female (lourd)	adjective	a-samedi-hugo	Hugo descend avec une valise lourde.	2
lui	copia de french-expat-lyon	to him, to her (lui)	pronoun	le-torchon-a-la-main	Sans lui, le café est grand et vide.	4
lundi	copia de french-expat-lyon	first working day of the week (le lundi)	noun	l-annonce-du-couloir	D'habitude, il vient le lundi, tard.	1
là	copia de french-traveler	there; still there	adverb	les-mots-a-l-envers	“Mais je suis là!”	2
ma	copia de french-expat-lyon	my, female (ma)	determiner	si-je-gagne-tu-restes	“Ma boule est plus près”, dit Hugo.	3
main	copia de french-traveler	hand (la main)	noun	le-torchon-a-la-main	Le torchon à la main	6
mains	copia de french-expat-lyon	hands (la main)	noun	deux-carreaux-pour-hugo	Elle rit, les mains sur la tête.	1
maintenant	copia de french-traveler	now	adverb	le-torchon-a-la-main	“Comme ça, maintenant?”	4
mais	copia de french-traveler	but	conjunction	theo-ecoute-pour-lea	Léa écoute, mais il y a trop de bruit.	6
mange	copia de french-expat-lyon	to put food in your mouth and swallow (manger)	verb	treize-comme-avant	Il mange encore un peu.	1
matin	copia de french-traveler	morning (le matin)	noun	vingt-minutes-c-est-long	Le matin, le quai du métro est plein et étroit.	4
matins	copia de french-expat-lyon	mornings (le matin)	noun	a-samedi-hugo	“Tous les matins, je l'arrose.”	2
me	copia de french-expat-lyon	me, to me (me)	pronoun	les-mots-a-l-envers	Léa lit une phrase: “Tu me manques.”	5
merci	copia de french-expat-lyon	thank you (merci)	interjection	theo-ecoute-pour-lea	“Merci, Théo.	4
met	copia de french-expat-lyon	puts (mettre)	verb	theo-ecoute-pour-lea	Il met les écouteurs dans ses oreilles.	5
moi	copia de french-traveler	me	pronoun	theo-ecoute-pour-lea	Tu peux écouter pour moi?”, demande Léa.	6
moins	copia de french-expat-lyon	less (moins)	adverb	le-torchon-a-la-main	Hugo reste moins d'une minute.	2
monde	copia de french-traveler	world (le monde); everybody (tout le monde)	noun	trente-trois-bougies	Tout le monde dit: “Joyeux anniversaire!”	3
monte	copia de french-traveler	gets on, climbs (monter)	verb	le-torchon-a-la-main	Il monte là-haut, à la maison.	6
mouillée	copia de french-expat-lyon	wet, covered with water (mouillé)	adjective	une-plante-pour-lea	La terre est déjà mouillée, mais Léa arrose encore.	1
musique	copia de french-expat-lyon	sound people make with instruments (la musique)	noun	trente-trois-bougies	On entend la musique.	1
n	copia de french-expat-lyon	not (ne)	adverb	le-torchon-a-la-main	Léa monte, mais il n'y a pas de sonnette.	6
non	copia de french-traveler	no	adverb	tu-prends-la-carte	“Non!	6
nouvelle	copia de french-expat-lyon	new, female (nouveau)	adjective	mille-euros-sans-compter	Léa garde son argent pour une nouvelle machine.	4
on	copia de french-traveler	one, we, people in general	pronoun	vingt-minutes-c-est-long	Dehors, on entend le bateau du port.	6
oui	copia de french-traveler	yes	adverb	les-mots-a-l-envers	“Oui.	6
où	copia de french-expat-lyon	where (où)	adverb	theo-ecoute-pour-lea	J'oublie toujours où sont les tasses”, dit Théo.	1
paie	copia de french-expat-lyon	to give money for something (payer)	verb	le-torchon-a-la-main	Il est petit, et je paie cher.”	4
papier	copia de french-expat-lyon	thin white sheet you write on (le papier)	noun	la-boule-porte-bonheur	Louise coupe le papier avec les ciseaux.	2
par	copia de french-expat-lyon	by, through (par)	preposition	vingt-minutes-c-est-long	Le loyer coûte mille euros par mois.	1
parle	copia de french-traveler	speaks (parler)	verb	le-torchon-a-la-main	Léa parle tout le temps de Théo.	4
payer	copia de french-expat-lyon	to pay (payer)	verb	tu-prends-la-carte	La carte bleue, pour payer!”	1
perd	copia de french-expat-lyon	loses (perdre)	verb	treize-comme-avant	Personne ne perd exprès.	2
personne	copia de french-expat-lyon	not one single person (personne)	pronoun	treize-comme-avant	Mais personne ne triche”, dit Léa.	2
petit	copia de french-expat-lyon	small, not big at all (petit)	adjective	le-torchon-a-la-main	Il est petit, et je paie cher.”	3
petite	copia de french-traveler	small, little (petit)	adjective	le-fauteuil-descend	Chloé, une nouvelle voisine, a une petite camionnette.	1
peu	copia de french-traveler	little; a little (un peu)	adverb	vingt-minutes-c-est-long	“Tu marches un peu?”, demande Léa.	4
peut	copia de french-expat-lyon	can (pouvoir)	verb	a-samedi-hugo	Léa ne peut rien dire.	2
peut-être	copia de french-traveler	maybe, perhaps	adverb	des-pas-au-dessus	“Un jour, Hugo rentre, peut-être”, dit Antoine.	1
pose	copia de french-expat-lyon	to put a thing down on a surface (poser)	verb	le-torchon-a-la-main	Elle les pose sur l'étagère.	4
pour	copia de french-traveler	for	preposition	theo-ecoute-pour-lea	Théo écoute pour Léa	6
premier	copia de french-expat-lyon	first (premier)	adjective	a-samedi-hugo	C'est le premier jour de mars.	1
prend	copia de french-expat-lyon	takes (prendre)	verb	theo-ecoute-pour-lea	Théo prend le portable.	6
presque	copia de french-expat-lyon	almost, very close but not quite (presque)	adverb	vingt-minutes-c-est-long	Pour Léa, vingt minutes, c'est presque toute la ville.	3
propose	copia de french-expat-lyon	to offer something to somebody (proposer)	verb	deux-carreaux-pour-hugo	“Si tu rates, tu paies les cafés”, propose Hugo.	1
prêt	copia de french-expat-lyon	ready (prêt)	adjective	a-samedi-hugo	“Tu es prêt?”, demande Léa.	1
puis	copia de french-traveler	then, afterwards	adverb	une-goutte-chaque-nuit	Puis une autre goutte.	4
quartier	copia de french-expat-lyon	neighbourhood (le quartier)	noun	des-pas-au-dessus	“Elle aime le quartier.”	1
que	copia de french-expat-lyon	that, which (que)	pronoun	le-torchon-a-la-main	Elle ne veut pas écouter, parce que c'est triste.	2
quelqu	copia de french-expat-lyon	somebody (quelqu'un)	pronoun	des-pas-au-dessus	Quelqu'un prend la place de Hugo.	1
quelque	copia de french-expat-lyon	some, any (quelque); something (quelque chose)	adjective	deux-carreaux-pour-hugo	Hugo veut montrer quelque chose à Léa.	1
qui	copia de french-expat-lyon	who, which (qui)	pronoun	les-mots-a-l-envers	Qui est triste?”, demande Léa.	1
quoi	copia de french-expat-lyon	what (quoi)	pronoun	theo-ecoute-pour-lea	“Quoi?	4
range	copia de french-expat-lyon	to put things back in their place (ranger)	verb	le-torchon-a-la-main	Elle range la cafetière.	1
regarde	copia de french-traveler	looks at (regarder)	verb	vingt-minutes-c-est-long	Elle ne la regarde pas.	6
rentre	copia de french-expat-lyon	to go back home (rentrer)	verb	a-toi-la-boule	À la fin, il rentre chez lui.	2
reste	copia de french-expat-lyon	is still there (rester); what is left (le reste)	verb	le-torchon-a-la-main	Hugo reste moins d'une minute.	3
restent	copia de french-expat-lyon	they stay (rester)	verb	deux-carreaux-pour-hugo	Ils restent à l'ombre tout l'après-midi.	1
rien	copia de french-traveler	nothing; says nothing (ne dit rien)	pronoun	theo-ecoute-pour-lea	Je n'entends rien”, crie Léa.	6
rit	copia de french-traveler	laughs (rire)	verb	une-goutte-chaque-nuit	Il y a de l'eau partout!”, rit Léa.	6
rouge	copia de french-expat-lyon	red (rouge)	adjective	la-boule-porte-bonheur	Louise fait un nœud rouge.	3
répare	copia de french-expat-lyon	repairs (réparer)	verb	une-goutte-chaque-nuit	“Je répare ton robinet.	1
s	copia de french-expat-lyon	himself, herself (se)	pronoun	une-plante-pour-lea	“Tu l'arroses tous les matins, s'il te plaît?”	1
sa	copia de french-expat-lyon	his, her (sa)	determiner	vingt-minutes-c-est-long	Léa pose sa montre sur la table.	6
sait	copia de french-expat-lyon	to have something in your head as a fact (savoir)	verb	a-samedi-hugo	Léa sait: c'est l'inconnue de l'écharpe.	2
sans	copia de french-traveler	without	preposition	le-torchon-a-la-main	Sans lui, le café est grand et vide.	3
sent	copia de french-expat-lyon	smells; feels (sentir)	verb	la-boule-porte-bonheur	Le tiroir sent le café.	3
septembre	copia de french-expat-lyon	September (septembre)	noun	si-je-gagne-tu-restes	C'est la dernière partie de septembre.	1
ses	copia de french-traveler	his, her (plural)	pronoun	theo-ecoute-pour-lea	Il met les écouteurs dans ses oreilles.	3
si	copia de french-expat-lyon	if; so (si)	conjunction	si-je-gagne-tu-restes	Si je gagne, tu restes	5
silence	copia de french-expat-lyon	when nobody is making any sound (le silence)	noun	une-goutte-chaque-nuit	Elle est toute seule avec le silence.	1
soleil	copia de french-traveler	sun (le soleil)	noun	clara-tient-la-boule	C'est le printemps, et le soleil est chaud.	1
son	copia de french-traveler	his, her	pronoun	theo-ecoute-pour-lea	Il court entre les tables avec son plateau.	6
sonne	copia de french-expat-lyon	to make a ringing sound to call you (sonner)	verb	a-samedi-hugo	Ce matin, le réveil sonne tôt.	4
sont	copia de french-traveler	are (être)	verb	theo-ecoute-pour-lea	J'oublie toujours où sont les tasses”, dit Théo.	2
sort	copia de french-expat-lyon	to go out of a place (sortir)	verb	si-je-gagne-tu-restes	Léa sort les boules de son sac.	2
sourit	copia de french-traveler	smiles (sourire)	verb	theo-ecoute-pour-lea	“Bien sûr”, sourit Théo.	3
sous	copia de french-expat-lyon	under (sous)	preposition	les-mots-a-l-envers	Sous la lune, il y a une étoile.	6
suis	copia de french-expat-lyon	I am (être)	verb	les-mots-a-l-envers	Moi, je suis triste.	6
suite	copia de french-expat-lyon	right away (tout de suite)	phrase	l-annonce-du-couloir	Antoine veut louer l'appartement tout de suite.	1
sur	copia de french-traveler	on, on top of	preposition	theo-ecoute-pour-lea	Un message vocal arrive sur son portable.	6
sûr	copia de french-expat-lyon	sure (sûr)	adjective	theo-ecoute-pour-lea	“Bien sûr”, sourit Théo.	2
sœur	copia de french-expat-lyon	girl with the same parents as you (la sœur)	noun	la-boule-porte-bonheur	La sœur de Léa s'appelle Louise.	1
table	copia de french-expat-lyon	table (la table)	noun	vingt-minutes-c-est-long	Léa pose sa montre sur la table.	2
tables	copia de french-expat-lyon	flat furniture you put things on (la table)	noun	theo-ecoute-pour-lea	Il court entre les tables avec son plateau.	1
tard	copia de french-expat-lyon	late (tard)	adverb	vingt-minutes-c-est-long	Hugo arrive tôt au travail, et il part tard.	2
te	copia de french-expat-lyon	you, to you (te)	pronoun	le-torchon-a-la-main	“Léa, je te montre l'appartement!	4
temps	copia de french-expat-lyon	time (le temps); weather (le temps)	noun	le-torchon-a-la-main	Léa parle tout le temps de Théo.	2
tient	copia de french-expat-lyon	to hold, to keep in one state (tenir)	verb	clara-tient-la-boule	Clara tient la boule	1
toi	copia de french-expat-lyon	you (toi)	pronoun	le-torchon-a-la-main	“À toi, Hugo.	6
toit	copia de french-expat-lyon	roof (le toit)	noun	la-ligne-coupe-apres-hugo	Sur le toit, le linge sèche entre les cheminées.	1
tombe	copia de french-traveler	falls (tomber)	verb	une-goutte-chaque-nuit	Une goutte tombe du robinet.	1
ton	copia de french-traveler	your	pronoun	une-goutte-chaque-nuit	“Je répare ton robinet.	4
touche	copia de french-traveler	touches (toucher)	verb	treize-comme-avant	Elle touche le cochonnet.	2
toujours	copia de french-traveler	always; still	adverb	theo-ecoute-pour-lea	J'oublie toujours où sont les tasses”, dit Théo.	6
tous	copia de french-expat-lyon	all, everybody (tous)	determiner	vingt-minutes-c-est-long	Ils regardent le plan tous les deux.	6
tout	copia de french-traveler	all; everybody (tout le monde)	pronoun	le-torchon-a-la-main	Léa parle tout le temps de Théo.	6
toute	copia de french-expat-lyon	all, whole (toute)	determiner	une-goutte-chaque-nuit	Elle est toute seule avec le silence.	3
trop	copia de french-expat-lyon	too much (trop)	adverb	theo-ecoute-pour-lea	Léa écoute, mais il y a trop de bruit.	2
très	copia de french-expat-lyon	very (très)	adverb	une-boule-sous-le-platane	“Très près.	1
tu	copia de french-traveler	you (informal)	pronoun	theo-ecoute-pour-lea	Tu peux écouter pour moi?”, demande Léa.	6
tête	copia de french-expat-lyon	head (la tête)	noun	le-torchon-a-la-main	Léa secoue la tête.	3
tôt	copia de french-expat-lyon	early, before the usual time (tôt)	adverb	vingt-minutes-c-est-long	Hugo arrive tôt au travail, et il part tard.	3
valise	copia de french-expat-lyon	suitcase (la valise)	noun	a-samedi-hugo	Hugo descend avec une valise lourde.	2
vent	copia de french-traveler	wind (le vent)	noun	la-ligne-coupe-apres-hugo	Le vent est froid, et Léa est seule.	1
verte	copia de french-traveler	green (vert)	adjective	clara-tient-la-boule	Clara a une casquette verte et des lunettes.	2
veut	copia de french-expat-lyon	wants (vouloir)	verb	le-torchon-a-la-main	Elle ne veut pas écouter, parce que c'est triste.	6
veux	copia de french-expat-lyon	I want (vouloir)	verb	a-samedi-hugo	Je ne veux pas pleurer.”	3
vide	copia de french-expat-lyon	with nothing and nobody inside (vide)	adjective	le-torchon-a-la-main	Sans lui, le café est grand et vide.	4
vieille	copia de french-expat-lyon	old, female (vieux)	adjective	l-annonce-du-couloir	Et si je vends ma vieille machine?”	2
viens	copia de french-expat-lyon	I come (venir)	verb	tu-prends-la-carte	“D'où tu viens?”, demande Léa.	1
vieux	copia de french-expat-lyon	old, from a long time ago (vieux)	adjective	trente-trois-bougies	“Trente-trois ans, c'est vieux!”, rit Hugo.	4
ville	copia de french-expat-lyon	town, city (la ville)	noun	vingt-minutes-c-est-long	Pour Léa, vingt minutes, c'est presque toute la ville.	1
vite	copia de french-traveler	fast, quickly	adverb	vingt-minutes-c-est-long	“Et le métro va vite?”	2
voilà	copia de french-expat-lyon	there it is (voilà)	adverb	une-goutte-chaque-nuit	“Voilà.	4
voit	copia de french-expat-lyon	to notice something with your eyes (voir)	verb	des-pas-au-dessus	Là-haut, on ne voit rien.	1
voiture	copia de french-expat-lyon	car (la voiture)	noun	vingt-minutes-c-est-long	Mais je n'ai pas besoin de voiture.”	4
voix	copia de french-expat-lyon	sound you make when you speak (la voix)	noun	la-ligne-coupe-apres-hugo	La voix de Hugo est claire.	1
vrai	copia de french-expat-lyon	true, real and not invented (vrai)	adjective	les-mots-a-l-envers	“C'est vrai?	2
y	copia de french-traveler	there is, there are (il y a)	pronoun	theo-ecoute-pour-lea	Il y a du bruit dans le café.	6
à	copia de french-traveler	at, to, in	preposition	theo-ecoute-pour-lea	Il est à Paris, loin d'ici.	6
ça	copia de french-expat-lyon	that, this (ça)	pronoun	le-torchon-a-la-main	“Comme ça, maintenant?”	6
écoute	copia de french-traveler	listens (écouter)	verb	theo-ecoute-pour-lea	Théo écoute pour Léa	4
écrit	copia de french-expat-lyon	to put words on paper or on a screen (écrire)	verb	tu-prends-la-carte	Sur l'ardoise, elle écrit: “Carte bleue: non.”	5
