tipo	historia	titulo	antes	despues
texto	t1#0	Une boule sous le platane	Ils jouent à la pétanque le dimanche.	Ils jouent à la pétanque chaque dimanche.
texto	t1#0	Une boule sous le platane	“Très près. C'est bien”, dit Hugo.	“Très près. Génial!”, dit Hugo.
texto	t1#0	Une boule sous le platane	Hugo lance le cochonnet.	Hugo lance le cochonnet, vite.
texto	t1#1	Deux carreaux pour Hugo	“C'est facile. Regarde, comme ça.”	“C'est facile. Tu tiens la boule comme ça.”
texto	t1#1	Deux carreaux pour Hugo	“D'accord, je paie.	“Pas grave, je paie.
texto	t1#1	Deux carreaux pour Hugo	Mais elle prend une boule et tire.	Mais elle prend une boule. Elle veut essayer.
texto	t1#1	Deux carreaux pour Hugo	Il tire encore: carreau.	Encore: carreau.
texto	t1#2	Si je gagne, tu restes	“D'accord”, dit Hugo.	“Avec plaisir”, dit Hugo.
texto	t1#2	Si je gagne, tu restes	“Non. Je range”	“Non. Je balaie”
texto	t2#0	Théo écoute pour Léa	“Ce n'est pas facile ici.	“C'est difficile ici.
texto	t2#1	La ligne coupe après Hugo	Léa ferme les yeux.	Léa ferme les yeux et retient ses larmes.
texto	t2#1	La ligne coupe après Hugo	“Paris, c'est bien.	“Paris, c'est génial.
texto	t2#2	Le torchon à la main	L'eau est chaude.	L'eau est tiède.
texto	t2#2	Le torchon à la main	“Bon. Bonne nuit, Léa.”	“Bon. Au revoir, Léa.”
texto	t2#2	Le torchon à la main	Il monte là-haut, chez lui.	Il monte là-haut, à la maison.
texto	t2#2	Le torchon à la main	“À toi, Hugo. Tu racontes?”, demande Léa.	“À toi, Hugo. Tu racontes?”, dit Léa.
texto	t2#2	Le torchon à la main	“Oui. J'écoute.”	“J'écoute.”
texto	t3#0	Le fauteuil descend	“Je peux aider”, dit Chloé.	“Je peux aider. Je suis libre”, dit Chloé.
texto	t3#0	Le fauteuil descend	Hugo part en mars.	Hugo déménage en mars.
texto	t3#0	Le fauteuil descend	Elles portent le fauteuil ensemble.	Elles portent le fauteuil lentement, ensemble.
texto	t3#0	Le fauteuil descend	Il donne le fauteuil à Léa.	Il veut offrir le fauteuil à Léa.
texto	t3#0	Le fauteuil descend	“Oui. Je ne suis jamais fatiguée”, répond Léa.	“Oui. Je ne suis jamais fatiguée”, rit Léa.
texto	t3#1	Mille euros sans compter	Puis il dit:	Ensuite, il dit:
texto	t3#2	Une goutte chaque nuit	“Mais je commence à comprendre.”	“Mais je commence à voir.”
texto	t3#2	Une goutte chaque nuit	“Attention! Il y a de l'eau partout!”, crie Léa.	“Attention! Il y a de l'eau partout!”, rit Léa.
texto	t4#1	Vingt minutes, c'est long	Le matin, le quai du métro est plein.	Le matin, le quai du métro est plein et étroit.
texto	t4#2	Les mots à l'envers	Il a raison.	Il a raison: c'est difficile.
texto	t4#2	Les mots à l'envers	Dehors, la lune est douce.	Léa rêve. Dehors, la lune est douce.
texto	t5#0	La boule porte-bonheur	Puis elle la donne.	Ensuite, elle la donne.
texto	t5#1	Trente-trois bougies	Léa applaudit très fort	Léa applaudit vraiment fort
texto	t5#2	À toi la boule	Enfin, Hugo ouvre le paquet.	Enfin, Hugo ouvre le paquet, surpris.
texto	t5#2	À toi la boule	Un chat dort sur le banc.	Un gros chat dort sur le banc, sous les feuilles.
texto	t5#2	À toi la boule	Puis il rentre chez lui.	À la fin, il rentre chez lui.
texto	t6#0	L'annonce du couloir	Léa n'aime pas ça, mais elle ne dit rien.	Léa n'aime pas ça. Elle sait, mais elle ne dit rien.
texto	t6#0	L'annonce du couloir	L'annonce est sur la boîte aux lettres.	Léa lit l'annonce sur la boîte aux lettres.
texto	t6#0	L'annonce du couloir	Léa touche la poignée	Léa touche doucement la poignée
texto	t6#0	L'annonce du couloir	cent euros de plus”, explique Antoine.	cent euros de plus. C'est cher”, explique Antoine.
texto	t6#1	Une plante pour Léa	“Pourquoi moi?”, demande Léa.	“Pourquoi moi? Je suis occupée!”, demande Léa.
texto	t6#1	Une plante pour Léa	“Mais ce n'est plus chez toi.”	“Mais ce n'est plus comme avant.”
texto	t6#1	Une plante pour Léa	Au plafond, il y a une vieille ampoule.	Au plafond, Hugo allume une vieille ampoule.
texto	t6#1	Une plante pour Léa	Il n'y a plus de meubles.	L'appartement est vide, sans meubles.
texto	t6#1	Une plante pour Léa	“C'est joli”, répond Léa.	“C'est joli. J'aime beaucoup”, répond Léa.
texto	t6#2	Des pas au-dessus	“C'est une femme sympa”, explique Antoine.	“C'est une femme sympa. Elle veut louer”, explique Antoine.
texto	t7#0	À samedi, Hugo	Puis il monte dans la voiture.	Il monte dans la voiture.
texto	t7#0	À samedi, Hugo	Clara est une nouvelle voisine	Clara est une nouvelle locataire
texto	t7#0	À samedi, Hugo	“Tu gardes la plante?”	“Tu arroses la plante?”
texto	t7#1	Clara tient la boule	Clara lance. Sa boule roule	Clara veut tirer. Sa boule roule
texto	t7#1	Clara tient la boule	Clara boit à la gourde.	Clara boit encore un peu à la gourde.
texto	t7#1	Clara tient la boule	Clara a une casquette et des lunettes.	Clara a une casquette verte et des lunettes.
texto	t7#1	Clara tient la boule	Sa boule roule, et elle rate le cochonnet.	Sa boule roule loin, et elle rate le cochonnet.
texto	t7#1	Clara tient la boule	Puis elle ne dit rien.	Ensuite, elle ne dit rien.
texto	t7#2	Treize, comme avant	On parie le café?”	Tu paies le café?”
texto	t7#2	Treize, comme avant	Personne ne joue exprès.	Personne ne perd exprès.
texto	t7#2	Treize, comme avant	Hugo arrive en TGV.	Hugo arrive en TGV, heureux.
texto	t7#2	Treize, comme avant	Il dort sur le canapé du café.	Il dort sur le long canapé du café.
plaza	t2#1	La ligne coupe après Hugo	demander (demandes)	demander (demande)
plaza	t1#0	Une boule sous le platane	partir (pars)	partir (part)
plaza	t1#1	Deux carreaux pour Hugo	payer (paies)	payer (paie)
plaza	t1#1	Deux carreaux pour Hugo	tirer (tirer)	tirer (tire)
plaza	t3#1	Mille euros sans compter	avoir besoin (a besoin)	avoir besoin (besoin)
plaza	t3#2	Une goutte chaque nuit	avoir raison (as raison)	avoir raison (raison)
plaza	t3#0	Le fauteuil descend	merci beaucoup (Merci beaucoup)	merci (Merci)
plaza	t3#0	Le fauteuil descend	large (large)	en bas (en bas)
plaza	t6#0	L'annonce du couloir	à louer (À louer)	rien (rien)
plaza	t5#1	Trente-trois bougies	gai (gai)	vieux (vieux)
plaza	t4#1	Vingt minutes, c'est long	lent (lent)	poser (pose)
plaza	t6#2	Des pas au-dessus	ailleurs (ailleurs)	ici (ici)
plaza	t2#0	Théo écoute pour Léa	l'oreille (oreilles)	quoi (quoi)
plaza	t4#0	Tu prends la carte?	c'est ça (C'est ça)	l'ami (ami)
plaza	t7#2	Treize, comme avant	manger (mange)	sentir (sent)
plaza	t7#2	Treize, comme avant	la prochaine fois (La prochaine fois)	faire (fait)
plaza	t1#1	Deux carreaux pour Hugo	l'après-midi (après-midi)	aller (va)
plaza	t2#1	La ligne coupe après Hugo	deux fois (deux fois)	deux (deux)
plaza	t7#1	Clara tient la boule	trouver (trouve)	pouvoir (peux)
plaza	t7#0	À samedi, Hugo	pouvoir (peut)	nouveau (nouvelle)
plaza	t2#0	Théo écoute pour Léa	nouveau (nouveau)	s'appeler (s'appelle)
