spanish-friends-argentina	french-traveler                al día
spanish-friends-argentina	[INFINITIVO] al	to the	Juli se caga de risa: ella también era de afanar del plato ajeno, y le agarra el juego al toque.
spanish-friends-argentina	[INFINITIVO] bajarle	to turn it down, ease off	Juli llenó su primer canasto y sintió el sudor bajarle por la espalda.
spanish-friends-argentina	[REGISTRO] joda	joke, mess around (Argentine)	Cami, la prima que la aloja el finde, la abraza y grita que hoy la joda no se negocia.
spanish-friends-argentina	[REGISTRO] laburo	work, job (Argentine)	Durante toda la tarde le bardean la tonada y el laburo porteño.
spanish-friends-argentina	[INFINITIVO] le	to him, her, it	Micaela reparte las empanadas recién fritas sobre un repasador y le pega un manotazo a Ariel, que ya está afanando una.
spanish-friends-argentina	[INFINITIVO] les	to them, you all	Al que les cae mal le hacen el vacío; con vos arman quilombo porque cuidás mal la guita, jode.
spanish-friends-argentina	[INFINITIVO] pensarlo	to think it over	Juli agarró un remo sin pensarlo, temblando de miedo.
spanish-friends-argentina	[INFINITIVO] sacan	to take	(NO APARECE)
spanish-friends-argentina	[INFINITIVO] salido	to go out	Nunca había salido al río de madrugada.
spanish-friends-argentina	[INFINITIVO] saludaba	to greet	Cada dos por tres el guía paraba, sopesaba el viento con la palma abierta y saludaba a algún baqueano que bajaba del filo.
spanish-friends-argentina	[INFINITIVO] seas	to be	“Dale, abrila de una, no seas amarrete”, lo picó ella.
spanish-friends-argentina	[INFINITIVO] servía	to pour	“De esta cepa sale un malbec único”, presumió mientras servía un vaso cualquiera.
spanish-friends-argentina	[INFINITIVO] señalando	to point	“Acá se izó por primera vez la bandera, boluda, no es un adorno”, le dice, señalando el mástil.
spanish-friends-argentina	[INFINITIVO] señaló	to point	Rocío señaló el atardecer que ya teñía la montaña.
spanish-friends-argentina	[INFINITIVO] sientan	to seat	Seba, que atiende un balneario, y su hermana Sole sientan a Juli cerca del mostrador.
spanish-friends-argentina	[INFINITIVO] siente	to feel	Micaela cuenta las empanadas de la vecina, Ariel le afana una, y Juli siente que cayó en una familia que la adoptó sin trámite.
spanish-friends-argentina	[INFINITIVO] sonríe	to smile	(NO APARECE)
spanish-friends-argentina	[INFINITIVO] sostiene	to sustain	(NO APARECE)
spanish-friends-argentina	[INFINITIVO] suena	to sound	El parlante suena a full y ya cayó una banda de amigos con hielo.
spanish-friends-argentina	[INFINITIVO] tira	to toss	“El repulgue lo hace ella, pero el punto de la fritura lo manejo yo”, tira, y Micaela pone los ojos en blanco, aunque no lo desmiente.
spanish-friends-argentina	[INFINITIVO] toma	to drink	“Un vino así no se toma al toque; pide su momento”, filosofó él.
spanish-friends-argentina	[INFINITIVO] trabaja	to work	(NO APARECE)
spanish-friends-argentina	[INFINITIVO] trae	to bring	Yamila trae unas tortillas calentitas del rescoldo y las reparte.
spanish-friends-argentina	[INFINITIVO] trata	to try	Juli, la porteña, se agarra fuerte de la borda y trata de no marearse.
spanish-friends-argentina	[INFINITIVO] tratan	to treat	“Vienen a un templo y lo tratan como un boliche.”
spanish-friends-argentina	[INFINITIVO] van	to go	Nadie habla de irse; está claro que todos van a hacer noche ahí, en una larga guitarreada.
spanish-friends-argentina	[INFINITIVO] vibra	to vibrate	De golpe, el teléfono de Nahuel vibra en el bolsillo mojado.
spanish-friends-argentina	[INFINITIVO] vive	to live	(NO APARECE)
spanish-friends-argentina	german-expat                   al día
spanish-friends-argentina	german-friends                 al día
spanish-friends-argentina	german-hamburg                 al día
spanish-friends-argentina	german-traveler-a0             faltan 34: 19 copiadas, 0 escritas a mano, 15 SIN CUBRIR
spanish-friends-argentina	   sin cubrir: gedreht, ärmeln, dorthin, zwiebeln, hund, hemd, mauer, wenige, dreißig, ständen, sauer, wanderer, niedrig, stift, schuh
spanish-friends-argentina	italian-friends-a0             al día
spanish-friends-argentina	italian-traveler-a0            al día
spanish-friends-argentina	portuguese-traveler-brazil-a0  al día
spanish-friends-argentina	spanish-friends-argentina      al día
spanish-friends-argentina	spanish-friends-colombia       al día
spanish-friends-argentina	spanish-friends-mexico         al día
spanish-friends-argentina	spanish-friends-spain-a0       al día
spanish-friends-argentina	spanish-friends                al día
spanish-friends-argentina	spanish-traveler-latam         al día
spanish-friends-argentina	spanish-traveler-mexico-a0     al día
spanish-friends-argentina	spanish-traveler-spain-b1      al día
spanish-friends-argentina	
spanish-friends-argentina	0 glosas añadidas; NO escritos por huecos: german-traveler-a0
spanish-friends-colombia	french-traveler                al día
spanish-friends-colombia	[INFINITIVO] al	to the	Un vecino prendió el picó al otro lado de la calle y la champeta empezó a retumbar por todo el barrio.
spanish-friends-colombia	[REGISTRO] arepa	a grilled corn cake, Colombian staple	Arepa de huevo sin afán.
spanish-friends-colombia	[CITA-AJENA] gratis	free (no cost)	“El descaro es gratis”, dice ella y guarda la moneda en el delantal.
spanish-friends-colombia	[REGISTRO] guayabo	hangover (Colombian)	Manu ya sentía el guayabo del otro día asomarse, pero le importó un pepino.
spanish-friends-colombia	[REGISTRO] joda	joke, mess around (Argentine)	“No joda, Manu, relaja, que la butifarra no se apura por nadie”, remató él desde la hamaca.
spanish-friends-colombia	[INFINITIVO] le	to him, her, it	El bafle escupe un bajo tan pesado que a Manu le tiembla el pecho.
spanish-friends-colombia	[INFINITIVO] les	to them, you all	El mesero les trajo una botella de guaro y tres copitas heladas.
spanish-friends-colombia	[INFINITIVO] mirarla	to look at her	“Pa' que no diga que en Bucaramanga la dejamos ir con las manos vacías”, gruñó, sin mirarla.
spanish-friends-colombia	[CITA-AJENA] muchacho	young man, boy	Sonó la campana y el muchacho se lanzó al galope, pegado al costado del toro, sin pensarlo dos veces.
spanish-friends-colombia	[REGISTRO] parce	buddy, mate; classic Colombian	“Parce, esta vez sí le cumplo, ¿oíste?”, grita Tato desde el fogón apenas Manu cruza la puerta.
spanish-friends-colombia	[INFINITIVO] pedirle	to ask him/her	Entonces entiende el nerviosismo y los cuchicheos: estos dos berracos solo buscaban la manera enredada de pedirle que se quedara para siempre en su montaña.
spanish-friends-colombia	[INFINITIVO] pensarlo	to think it over	Sonó la campana y el muchacho se lanzó al galope, pegado al costado del toro, sin pensarlo dos veces.
spanish-friends-colombia	[INFINITIVO] responderle	to answer him back	Manu no atinó a responderle nada a su prima, que ya la miraba asustada.
spanish-friends-colombia	[INFINITIVO] reírse	to laugh	“Ajá, llegó la rola”, soltó Ronny, muerto de risa, y Manu no pudo evitar reírse también.
spanish-friends-colombia	[INFINITIVO] verla	to see her/it	Manuela había vuelto a Villavicencio para las fiestas, y esta vez sus amigos la sentaron en primera fila, felices de verla otra vez.
spanish-friends-colombia	german-expat                   al día
spanish-friends-colombia	german-friends                 al día
spanish-friends-colombia	german-hamburg                 al día
spanish-friends-colombia	german-traveler-a0             faltan 34: 19 copiadas, 0 escritas a mano, 15 SIN CUBRIR
spanish-friends-colombia	   sin cubrir: gedreht, ärmeln, dorthin, zwiebeln, hund, hemd, mauer, wenige, dreißig, ständen, sauer, wanderer, niedrig, stift, schuh
spanish-friends-colombia	italian-friends-a0             al día
spanish-friends-colombia	italian-traveler-a0            al día
spanish-friends-colombia	portuguese-traveler-brazil-a0  al día
spanish-friends-colombia	spanish-friends-argentina      al día
spanish-friends-colombia	spanish-friends-colombia       al día
spanish-friends-colombia	spanish-friends-mexico         al día
spanish-friends-colombia	spanish-friends-spain-a0       al día
spanish-friends-colombia	spanish-friends                al día
spanish-friends-colombia	spanish-traveler-latam         al día
spanish-friends-colombia	spanish-traveler-mexico-a0     al día
spanish-friends-colombia	spanish-traveler-spain-b1      al día
spanish-friends-colombia	
spanish-friends-colombia	0 glosas añadidas; NO escritos por huecos: german-traveler-a0
spanish-friends-mexico	french-traveler                al día
spanish-friends-mexico	[INFINITIVO] al	to the	Cuando la vio bien confiada, le puso enfrente cuatro mezcales y le pidió ordenarlos del más corriente al más fino.
spanish-friends-mexico	[CITA-AJENA] atando	putting the pieces together (atar cabos)	“Con razón me trataban tan bien anoche”, comentó Regina atando cabos.
spanish-friends-mexico	[INFINITIVO,CITA-AJENA] bomba	to drop a bombshell (soltar la bomba)	Al caer la tarde, Marisol soltó la bomba: había renunciado a la chamba, al sueldo, a la oficina, a todo.
spanish-friends-mexico	[INFINITIVO] darle	to give him	Regina asintió despacio, sin darle mucho peso al dato.
spanish-friends-mexico	[REGISTRO] fresa	preppy, snobby (Mexican)	La chilanga, medio fresa, torció la jeta ante tanta cháchara para el turista gringo.
spanish-friends-mexico	[REGISTRO] güey	dude, man (Mexican)	Regina: No hombre, Beto, en mi tierra también sabemos prender fuego; no te pongas tan salsa por un poco de humo, güey.
spanish-friends-mexico	[INFINITIVO] le	to him, her, it	A Regina le ganó el mezcal.
spanish-friends-mexico	[INFINITIVO] les	to them, you all	La marchanta, doña Lupe, les sirvió dos tacos dorados y un caldo humeante que olía a fiesta.
spanish-friends-mexico	[CITA-AJENA] mames	no way, you're kidding	“No mames, esta salsa sí levanta muertos”, dijo Regina, ya más despabilada.
spanish-friends-mexico	[CITA-AJENA] pastor	al pastor (taco style)	Cerraron la noche con unos tacos al pastor en la esquina, con todo y piña, parados en la banqueta.
spanish-friends-mexico	[INFINITIVO] pensarlo	to think it over	Regina aceptó sin pensarlo, sintiéndose la muy chida.
spanish-friends-mexico	[INFINITIVO] quedarme	to stay	“Órale, Beto, enséñame los pasos, no pienso quedarme sentada”, le pidió Regina, ya sin zapatos.
spanish-friends-mexico	[INFINITIVO] saludaba	to greet	Beto, tijuanense flaco y de gorra, manejaba con una sola mano y saludaba a los conocidos con la otra.
spanish-friends-mexico	[INFINITIVO] seas	to be	“Dos de suadero, y no seas codo con la cebolla”, le pidió Regina al taquero con hambre.
spanish-friends-mexico	[INFINITIVO] servía	to pour	Adentro, una cervecería pequeña servía chelas oscuras bajo un mural de una mujer con corona de nopales.
spanish-friends-mexico	[INFINITIVO] señalando	to point	Regina gritaba parada, señalando, insultando, y de reojo notó que Nacho ya no estaba tieso en su asiento.
spanish-friends-mexico	[INFINITIVO] señaló	to point	Regina sentó a Nacho pegadito al ring, le puso una chela en la mano y le señaló al técnico que salía entre reflectores.
spanish-friends-mexico	[INFINITIVO] toma	to drink	Siéntate, toma una cerveza y deja el fuego en mis manos.
spanish-friends-mexico	[INFINITIVO] van	to go	“Todos llegan creyendo que ya saben, mija, y se van pidiendo la receta”, sentenció con calma.
spanish-friends-mexico	[INFINITIVO] verlo	to see him	Aquí lo bonito es verlo sin apuraciones, con la raza tranquila y sin que nadie te ande empujando.
spanish-friends-mexico	german-expat                   al día
spanish-friends-mexico	german-friends                 al día
spanish-friends-mexico	german-hamburg                 al día
spanish-friends-mexico	german-traveler-a0             faltan 34: 19 copiadas, 0 escritas a mano, 15 SIN CUBRIR
spanish-friends-mexico	   sin cubrir: gedreht, ärmeln, dorthin, zwiebeln, hund, hemd, mauer, wenige, dreißig, ständen, sauer, wanderer, niedrig, stift, schuh
spanish-friends-mexico	italian-friends-a0             al día
spanish-friends-mexico	italian-traveler-a0            al día
spanish-friends-mexico	portuguese-traveler-brazil-a0  al día
spanish-friends-mexico	spanish-friends-argentina      al día
spanish-friends-mexico	spanish-friends-colombia       al día
spanish-friends-mexico	spanish-friends-mexico         al día
spanish-friends-mexico	spanish-friends-spain-a0       al día
spanish-friends-mexico	spanish-friends                al día
spanish-friends-mexico	spanish-traveler-latam         al día
spanish-friends-mexico	spanish-traveler-mexico-a0     al día
spanish-friends-mexico	spanish-traveler-spain-b1      al día
spanish-friends-mexico	
spanish-friends-mexico	0 glosas añadidas; NO escritos por huecos: german-traveler-a0
spanish-friends-spain-a0	french-traveler                al día
spanish-friends-spain-a0	[INFINITIVO] al	to the	Al final, los dos salen del museo contentos.
spanish-friends-spain-a0	[REGISTRO] fresa	preppy, snobby (Mexican)	Pau compra un poco, y la señora da una fresa a Lucía.
spanish-friends-spain-a0	[CITA-AJENA] gratis	free (no cost)	Las tapas son gratis.
spanish-friends-spain-a0	[INFINITIVO] le	to him, her, it	Lucía prueba jamón, queso y gambas, y todo le gusta mucho.
spanish-friends-spain-a0	[INFINITIVO] sacan	to take	Los turistas sacan fotos, y un niño pequeño ríe cerca.
spanish-friends-spain-a0	[INFINITIVO] sientan	to seat	Carmen y Lucía se sientan cerca del puente, y miran el agua y el cielo juntas, en silencio.
spanish-friends-spain-a0	[INFINITIVO] siente	to feel	De repente, Lucía ve una araña de metal, muy alta, y siente un poco de miedo.
spanish-friends-spain-a0	[INFINITIVO] sonríe	to smile	Lucía paga la cuenta, y Ane sonríe y dice: “Gracias”.
spanish-friends-spain-a0	[INFINITIVO] suena	to sound	El mar suena bajo el sol.
spanish-friends-spain-a0	[INFINITIVO] toma	to drink	Iñaki la espera en la estación, y él sonríe y toma su maleta.
spanish-friends-spain-a0	[INFINITIVO] trabaja	to work	Se llama Ane y trabaja aquí, y trae tres platos a la mesa.
spanish-friends-spain-a0	[INFINITIVO] trae	to bring	Ane trae más pintxos.
spanish-friends-spain-a0	[INFINITIVO] van	to go	Él vive muy cerca del mercado, así que esta mañana los dos van juntos a comprar.
spanish-friends-spain-a0	[INFINITIVO] vive	to live	Su amiga Nuria vive aquí y trabaja en una tienda pequeña, y hoy las dos pasean juntas por el barrio del Albaicín.
spanish-friends-spain-a0	german-expat                   al día
spanish-friends-spain-a0	german-friends                 al día
spanish-friends-spain-a0	german-hamburg                 al día
spanish-friends-spain-a0	german-traveler-a0             faltan 34: 19 copiadas, 0 escritas a mano, 15 SIN CUBRIR
spanish-friends-spain-a0	   sin cubrir: gedreht, ärmeln, dorthin, zwiebeln, hund, hemd, mauer, wenige, dreißig, ständen, sauer, wanderer, niedrig, stift, schuh
spanish-friends-spain-a0	italian-friends-a0             al día
spanish-friends-spain-a0	italian-traveler-a0            al día
spanish-friends-spain-a0	portuguese-traveler-brazil-a0  al día
spanish-friends-spain-a0	spanish-friends-argentina      al día
spanish-friends-spain-a0	spanish-friends-colombia       al día
spanish-friends-spain-a0	spanish-friends-mexico         al día
spanish-friends-spain-a0	spanish-friends-spain-a0       al día
spanish-friends-spain-a0	spanish-friends                al día
spanish-friends-spain-a0	spanish-traveler-latam         al día
spanish-friends-spain-a0	spanish-traveler-mexico-a0     al día
spanish-friends-spain-a0	spanish-traveler-spain-b1      al día
spanish-friends-spain-a0	
spanish-friends-spain-a0	0 glosas añadidas; NO escritos por huecos: german-traveler-a0
spanish-friends	french-traveler                al día
spanish-friends	[INFINITIVO] al	to the	Al mediodía, Beto invitó a la chochera a su jato a jamear algo rico.
spanish-friends	[REGISTRO] arepa	a grilled corn cake, Colombian staple	El domingo, el parche se juntó en casa de Valeria con arepa y chocolate caliente.
spanish-friends	[CITA-AJENA] atando	putting the pieces together (atar cabos)	Se quedó callada un momentico, atando cabos con cara de susto.
spanish-friends	[INFINITIVO] bajarle	to turn it down, ease off	“Se acabó la rumba, muchachos, a bajarle al ruido ya mismo”, ladró de mal genio.
spanish-friends	[INFINITIVO,CITA-AJENA] bomba	to drop a bombshell (soltar la bomba)	Pero Camila ya estaba lanzada y soltó la bomba sin piedad ninguna.
spanish-friends	[INFINITIVO] darle	to give him	Yuly le pasó una birra fría para darle valor antes del intento.
spanish-friends	[REGISTRO] fresa	preppy, snobby (Mexican)	Los tenis no eran por fresa, sino para verse decente frente a los turistas.
spanish-friends	[REGISTRO] guayabo	hangover (Colombian)	Julián llegó del camello bien cascado y con un guayabo del sábado que no lo dejaba.
spanish-friends	[REGISTRO] güey	dude, man (Mexican)	“No mames, güey, ni que fueras a quebrar”, le soltó.
spanish-friends	[REGISTRO] joda	joke, mess around (Argentine)	Yuly, todavía en shock, murmuró un “No joda”
spanish-friends	[REGISTRO] laburo	work, job (Argentine)	“Che, no doy más con este laburo, boludo”, disparó antes de acomodarse bien.
spanish-friends	[INFINITIVO] le	to him, her, it	A Mateo nunca se le iba la oportunidad de vacilar.
spanish-friends	[INFINITIVO] les	to them, you all	La cocina olía a limón y cebolla, y a todos se les hizo agua la boca.
spanish-friends	[INFINITIVO,CITA-AJENA] madres	to not matter at all (valer madres)	De perdis, esa sí los agarró a los cuatro viendo a la cámara, y a esas alturas ya les valía madres.
spanish-friends	[CITA-AJENA] mames	no way, you're kidding	“No mames, güey, ni que fueras a quebrar”, le soltó.
spanish-friends	[REGISTRO] parce	buddy, mate; classic Colombian	“Parce, suelte ese aparato, que esto está muy bacano”, le soltó ella.
spanish-friends	[CITA-AJENA] paró	stood up straight (pararse derecha)	Pilar se paró derecha, saboreando su pequeña victoria en plena vereda.
spanish-friends	[INFINITIVO] responderle	to answer him back	Beto trató de responderle con la misma moneda, tirando su mejor floro.
spanish-friends	[INFINITIVO] reírse	to laugh	Daniela y Yuly se quedaron con la boca abierta, sin saber si reírse o aplaudir.
spanish-friends	[INFINITIVO] verlo	to see him	El parche entero se dobló de la risa al verlo hacer semejante ridiculez.
spanish-friends	german-expat                   al día
spanish-friends	german-friends                 al día
spanish-friends	german-hamburg                 al día
spanish-friends	german-traveler-a0             faltan 34: 19 copiadas, 0 escritas a mano, 15 SIN CUBRIR
spanish-friends	   sin cubrir: gedreht, ärmeln, dorthin, zwiebeln, hund, hemd, mauer, wenige, dreißig, ständen, sauer, wanderer, niedrig, stift, schuh
spanish-friends	italian-friends-a0             al día
spanish-friends	italian-traveler-a0            al día
spanish-friends	portuguese-traveler-brazil-a0  al día
spanish-friends	spanish-friends-argentina      al día
spanish-friends	spanish-friends-colombia       al día
spanish-friends	spanish-friends-mexico         al día
spanish-friends	spanish-friends-spain-a0       al día
spanish-friends	spanish-friends                al día
spanish-friends	spanish-traveler-latam         al día
spanish-friends	spanish-traveler-mexico-a0     al día
spanish-friends	spanish-traveler-spain-b1      al día
spanish-friends	
spanish-friends	0 glosas añadidas; NO escritos por huecos: german-traveler-a0
spanish-traveler-latam	french-traveler                al día
spanish-traveler-latam	[INFINITIVO] al	to the	Doña Rosa se lleva la mano al pecho.
spanish-traveler-latam	[INFINITIVO] dejarlo	to leave it	Julián: Lo sé, pero estaba bajo la lluvia y no fui capaz de dejarlo ahí.
spanish-traveler-latam	[INFINITIVO] le	to him, her, it	Daniela se ríe y le mueve los hombros con las manos para soltarlo un poco.
spanish-traveler-latam	[INFINITIVO] les	to them, you all	Sofía: Ya lo sé, pero les dije que yo iba a cocinar mole.
spanish-traveler-latam	[CITA-AJENA] pastor	al pastor (taco style)	Acabo de pedir tacos al pastor para todos.
spanish-traveler-latam	[INFINITIVO] pedirle	to ask him/her	Rodrigo: Mi abuela decía que al cerro hay que pedirle permiso.
spanish-traveler-latam	[INFINITIVO] quedarme	to stay	Camila: Mirá, me da miedo quedarme y fallar otra vez delante de todos.
spanish-traveler-latam	[INFINITIVO] seas	to be	Itzel: No seas miedoso.
spanish-traveler-latam	[INFINITIVO] sientan	to seat	Los tres amigos se sientan a la mesa.
spanish-traveler-latam	[INFINITIVO] siente	to feel	La cumbia se siente antes de bailarse.
spanish-traveler-latam	[INFINITIVO] sonríe	to smile	Doña Rosa llora, pero sonríe.
spanish-traveler-latam	[INFINITIVO] sostiene	to sustain	Su amigo Andrés sostiene la escalera desde abajo.
spanish-traveler-latam	[INFINITIVO] suena	to sound	Un relámpago cruza el cielo a lo lejos y un trueno suena muy fuerte.
spanish-traveler-latam	[INFINITIVO] tira	to toss	Uno de sus alumnos le tira de la manga y le pregunta si el señor va a venir o no.
spanish-traveler-latam	[INFINITIVO] toma	to drink	Carla toma su taco y abre los ojos: ¡Está delicioso!
spanish-traveler-latam	[INFINITIVO] trabaja	to work	Es el ruido de quien trabaja en algo.
spanish-traveler-latam	[INFINITIVO] trae	to bring	El viento fuerte trae la lluvia, y la gente lo guardó en un cuento.
spanish-traveler-latam	[INFINITIVO] trata	to try	¿De qué se trata?
spanish-traveler-latam	[INFINITIVO] tratan	to treat	Dicen que el duende se porta bien cuando lo tratan con respeto.
spanish-traveler-latam	[INFINITIVO] van	to go	Te van a escuchar atentos.
spanish-traveler-latam	[INFINITIVO] verla	to see her/it	Vine desde muy lejos solo para verla.
spanish-traveler-latam	[INFINITIVO] verlo	to see him	Lo vas a oír antes de verlo.
spanish-traveler-latam	[INFINITIVO] vibra	to vibrate	El barrio entero vibra de emoción.
spanish-traveler-latam	[INFINITIVO] vive	to live	La mamá explica: Jorge vive muy lejos, en Argentina.
spanish-traveler-latam	german-expat                   al día
spanish-traveler-latam	german-friends                 al día
spanish-traveler-latam	german-hamburg                 al día
spanish-traveler-latam	german-traveler-a0             faltan 34: 19 copiadas, 0 escritas a mano, 15 SIN CUBRIR
spanish-traveler-latam	   sin cubrir: gedreht, ärmeln, dorthin, zwiebeln, hund, hemd, mauer, wenige, dreißig, ständen, sauer, wanderer, niedrig, stift, schuh
spanish-traveler-latam	italian-friends-a0             al día
spanish-traveler-latam	italian-traveler-a0            al día
spanish-traveler-latam	portuguese-traveler-brazil-a0  al día
spanish-traveler-latam	spanish-friends-argentina      al día
spanish-traveler-latam	spanish-friends-colombia       al día
spanish-traveler-latam	spanish-friends-mexico         al día
spanish-traveler-latam	spanish-friends-spain-a0       al día
spanish-traveler-latam	spanish-friends                al día
spanish-traveler-latam	spanish-traveler-latam         al día
spanish-traveler-latam	spanish-traveler-mexico-a0     al día
spanish-traveler-latam	spanish-traveler-spain-b1      al día
spanish-traveler-latam	
spanish-traveler-latam	0 glosas añadidas; NO escritos por huecos: german-traveler-a0
spanish-traveler-mexico-a0	french-traveler                al día
spanish-traveler-mexico-a0	[INFINITIVO] al	to the	En las calles de colores de Oaxaca, Sofía entra al taller de Rafa, un artesano que pinta alebrijes de madera.
spanish-traveler-mexico-a0	[INFINITIVO] le	to him, her, it	Rafa le cuenta que cada alebrije es un animal guía, con su propia fuerza.
spanish-traveler-mexico-a0	[INFINITIVO] les	to them, you all	Su guía, Kanek, camina con ellos y les cuenta la historia de los mayas.
spanish-traveler-mexico-a0	[INFINITIVO] mirarla	to look at her	Los colores brillan bajo la luz, y el jaguar casi parece mirarla a los ojos.
spanish-traveler-mexico-a0	[INFINITIVO] sientan	to seat	Se sientan un momento sobre una roca caliente, y Toño le señala unas montañas a lo lejos.
spanish-traveler-mexico-a0	[INFINITIVO] siente	to feel	Sofía toca una hamaca de muchos colores y la siente muy suave.
spanish-traveler-mexico-a0	[INFINITIVO] sonríe	to smile	Sofía sonríe y aplaude con ellos.
spanish-traveler-mexico-a0	[INFINITIVO] suena	to sound	Suena el mariachi.
spanish-traveler-mexico-a0	[INFINITIVO] toma	to drink	En ese momento, una pareja de novios sube la escalera y se besa en el escalón, y toda la gente aplaude y toma fotos.
spanish-traveler-mexico-a0	[INFINITIVO] trabaja	to work	Marina, que trabaja ahí, la recibe con una gran sonrisa entre estantes y mesas llenas de platos de colores.
spanish-traveler-mexico-a0	[INFINITIVO] verlo	to see him	(NO APARECE)
spanish-traveler-mexico-a0	german-expat                   al día
spanish-traveler-mexico-a0	german-friends                 al día
spanish-traveler-mexico-a0	german-hamburg                 al día
spanish-traveler-mexico-a0	german-traveler-a0             faltan 34: 19 copiadas, 0 escritas a mano, 15 SIN CUBRIR
spanish-traveler-mexico-a0	   sin cubrir: gedreht, ärmeln, dorthin, zwiebeln, hund, hemd, mauer, wenige, dreißig, ständen, sauer, wanderer, niedrig, stift, schuh
spanish-traveler-mexico-a0	italian-friends-a0             al día
spanish-traveler-mexico-a0	italian-traveler-a0            al día
spanish-traveler-mexico-a0	portuguese-traveler-brazil-a0  al día
spanish-traveler-mexico-a0	spanish-friends-argentina      al día
spanish-traveler-mexico-a0	spanish-friends-colombia       al día
spanish-traveler-mexico-a0	spanish-friends-mexico         al día
spanish-traveler-mexico-a0	spanish-friends-spain-a0       al día
spanish-traveler-mexico-a0	spanish-friends                al día
spanish-traveler-mexico-a0	spanish-traveler-latam         al día
spanish-traveler-mexico-a0	spanish-traveler-mexico-a0     al día
spanish-traveler-mexico-a0	spanish-traveler-spain-b1      al día
spanish-traveler-mexico-a0	
spanish-traveler-mexico-a0	0 glosas añadidas; NO escritos por huecos: german-traveler-a0
spanish-traveler-spain-b1	french-traveler                al día
spanish-traveler-spain-b1	[INFINITIVO] al	to the	“Eso te lo dejo hecho en dos tardes, material aparte y al contado”.
spanish-traveler-spain-b1	[INFINITIVO] darle	to give him	Al salir, Rosa baja el tono sin darle importancia.
spanish-traveler-spain-b1	[INFINITIVO] dejarlo	to leave it	“En Madrid nadie te presta nada sin dejarlo escrito y con sello”.
spanish-traveler-spain-b1	[INFINITIVO] le	to him, her, it	Le hace la oferta en el rellano frío, con la nota y el plástico.
spanish-traveler-spain-b1	[INFINITIVO] salido	to go out	Antes habría dicho que sí y habría salido igual de perdida.
spanish-traveler-spain-b1	[INFINITIVO] trae	to bring	Marta hace de presidenta y trae el total escrito arriba.
spanish-traveler-spain-b1	[INFINITIVO] van	to go	No sabe si van a pedir la cuota, ni el plazo, ni la cifra.
spanish-traveler-spain-b1	[INFINITIVO] verlo	to see him	“Lleva creciendo desde noviembre y yo sin verlo”, dice con prisa.
spanish-traveler-spain-b1	[INFINITIVO] vive	to live	Irene vive encima de la panadería de Nerja y la mitad de las contraventanas siguen cerradas.
spanish-traveler-spain-b1	german-expat                   al día
spanish-traveler-spain-b1	german-friends                 al día
spanish-traveler-spain-b1	german-hamburg                 al día
spanish-traveler-spain-b1	german-traveler-a0             faltan 34: 19 copiadas, 0 escritas a mano, 15 SIN CUBRIR
spanish-traveler-spain-b1	   sin cubrir: gedreht, ärmeln, dorthin, zwiebeln, hund, hemd, mauer, wenige, dreißig, ständen, sauer, wanderer, niedrig, stift, schuh
spanish-traveler-spain-b1	italian-friends-a0             al día
spanish-traveler-spain-b1	italian-traveler-a0            al día
spanish-traveler-spain-b1	portuguese-traveler-brazil-a0  al día
spanish-traveler-spain-b1	spanish-friends-argentina      al día
spanish-traveler-spain-b1	spanish-friends-colombia       al día
spanish-traveler-spain-b1	spanish-friends-mexico         al día
spanish-traveler-spain-b1	spanish-friends-spain-a0       al día
spanish-traveler-spain-b1	spanish-friends                al día
spanish-traveler-spain-b1	spanish-traveler-latam         al día
spanish-traveler-spain-b1	spanish-traveler-mexico-a0     al día
spanish-traveler-spain-b1	spanish-traveler-spain-b1      al día
spanish-traveler-spain-b1	
spanish-traveler-spain-b1	0 glosas añadidas; NO escritos por huecos: german-traveler-a0
italian-friends-a0	french-traveler                al día
italian-friends-a0	[INFINITIVO] agli	to the	Un signore gentile offre due ombrelli agli amici.
italian-friends-a0	[INFINITIVO] al	to the; at the	Le due amiche camminano vicino al Colosseo.
italian-friends-a0	[INFINITIVO] all	to the; at the	All'improvviso non trovano più la strada giusta.
italian-friends-a0	[INFINITIVO] alla	to the; at the	Poi Giulia porta Elena alla Fontana di Trevi.
italian-friends-a0	[INFINITIVO] alle	to the; at the	Molti piccioni volano intorno alle due donne.
italian-friends-a0	german-expat                   al día
italian-friends-a0	german-friends                 al día
italian-friends-a0	german-hamburg                 al día
italian-friends-a0	german-traveler-a0             faltan 34: 19 copiadas, 0 escritas a mano, 15 SIN CUBRIR
italian-friends-a0	   sin cubrir: gedreht, ärmeln, dorthin, zwiebeln, hund, hemd, mauer, wenige, dreißig, ständen, sauer, wanderer, niedrig, stift, schuh
italian-friends-a0	italian-friends-a0             al día
italian-friends-a0	italian-traveler-a0            al día
italian-friends-a0	portuguese-traveler-brazil-a0  al día
italian-friends-a0	spanish-friends-argentina      al día
italian-friends-a0	spanish-friends-colombia       al día
italian-friends-a0	spanish-friends-mexico         al día
italian-friends-a0	spanish-friends-spain-a0       al día
italian-friends-a0	spanish-friends                al día
italian-friends-a0	spanish-traveler-latam         al día
italian-friends-a0	spanish-traveler-mexico-a0     al día
italian-friends-a0	spanish-traveler-spain-b1      al día
italian-friends-a0	
italian-friends-a0	0 glosas añadidas; NO escritos por huecos: german-traveler-a0
italian-traveler-a0	french-traveler                al día
italian-traveler-a0	[INFINITIVO] agli	to the	Gaia sposta lo zaino e ride insieme agli altri passeggeri.
italian-traveler-a0	[INFINITIVO] al	to the; at the	“Ci vediamo verso le nove a Trastevere”, dice Livia al telefono.
italian-traveler-a0	[INFINITIVO] all	to the; at the	Il banco della friggitoria sta all'angolo del mercato, sotto un tendone verde.
italian-traveler-a0	[INFINITIVO] alla	to the; at the	Gaia scende gli scalini di pietra fino alla piattaforma di legno.
italian-traveler-a0	[INFINITIVO] alle	to the; at the	Alle sette il mare è gelato.
italian-traveler-a0	german-expat                   al día
italian-traveler-a0	german-friends                 al día
italian-traveler-a0	german-hamburg                 al día
italian-traveler-a0	german-traveler-a0             faltan 34: 19 copiadas, 0 escritas a mano, 15 SIN CUBRIR
italian-traveler-a0	   sin cubrir: gedreht, ärmeln, dorthin, zwiebeln, hund, hemd, mauer, wenige, dreißig, ständen, sauer, wanderer, niedrig, stift, schuh
italian-traveler-a0	italian-friends-a0             al día
italian-traveler-a0	italian-traveler-a0            al día
italian-traveler-a0	portuguese-traveler-brazil-a0  al día
italian-traveler-a0	spanish-friends-argentina      al día
italian-traveler-a0	spanish-friends-colombia       al día
italian-traveler-a0	spanish-friends-mexico         al día
italian-traveler-a0	spanish-friends-spain-a0       al día
italian-traveler-a0	spanish-friends                al día
italian-traveler-a0	spanish-traveler-latam         al día
italian-traveler-a0	spanish-traveler-mexico-a0     al día
italian-traveler-a0	spanish-traveler-spain-b1      al día
italian-traveler-a0	
italian-traveler-a0	0 glosas añadidas; NO escritos por huecos: german-traveler-a0
german-expat	french-traveler                al día
german-expat	[CITA-AJENA] beschwert	complains (sich beschweren)	Aber meistens ist es nur der Rücken, der sich beschwert.
german-expat	[CITA-AJENA] eher	sooner, rather; sooner X than Y (eher X als Y)	Hier kriegst du eher Karten für ein ausverkauftes Konzert als einen Termin beim Bürgeramt.
german-expat	[CITA-AJENA] stapeln	to pile up (sich stapeln)	Vor Timos Haus stapeln sich Kartons; der Altbau kontert mit fünftem Stock ohne Aufzug.
german-expat	[INFINITIVO] tun	to do	(NO APARECE)
german-expat	[INFINITIVO] zum	to the (zu + dem)	Du stehst hier sicher nicht zum Vergnügen um diese Uhrzeit.
german-expat	[INFINITIVO] zur	to the (zu + der)	An der Treppe zur U-Bahn dann das gelbe Schild, und Timos Gesicht verliert jede Gelassenheit: Ersatzverkehr.
german-expat	german-expat                   al día
german-expat	german-friends                 al día
german-expat	german-hamburg                 al día
german-expat	german-traveler-a0             faltan 34: 19 copiadas, 0 escritas a mano, 15 SIN CUBRIR
german-expat	   sin cubrir: gedreht, ärmeln, dorthin, zwiebeln, hund, hemd, mauer, wenige, dreißig, ständen, sauer, wanderer, niedrig, stift, schuh
german-expat	italian-friends-a0             al día
german-expat	italian-traveler-a0            al día
german-expat	portuguese-traveler-brazil-a0  al día
german-expat	spanish-friends-argentina      al día
german-expat	spanish-friends-colombia       al día
german-expat	spanish-friends-mexico         al día
german-expat	spanish-friends-spain-a0       al día
german-expat	spanish-friends                al día
german-expat	spanish-traveler-latam         al día
german-expat	spanish-traveler-mexico-a0     al día
german-expat	spanish-traveler-spain-b1      al día
german-expat	
german-expat	0 glosas añadidas; NO escritos por huecos: german-traveler-a0
german-friends	french-traveler                al día
german-friends	[INFINITIVO] zum	to the (zu + dem)	Und du, Nadia, brummt er zum Schluss, du gehörst jetzt zur Bagage, ob du willst oder nich.
german-friends	[INFINITIVO] zur	to the (zu + der)	Und du, Nadia, brummt er zum Schluss, du gehörst jetzt zur Bagage, ob du willst oder nich.
german-friends	german-expat                   al día
german-friends	german-friends                 al día
german-friends	german-hamburg                 al día
german-friends	german-traveler-a0             faltan 34: 19 copiadas, 0 escritas a mano, 15 SIN CUBRIR
german-friends	   sin cubrir: gedreht, ärmeln, dorthin, zwiebeln, hund, hemd, mauer, wenige, dreißig, ständen, sauer, wanderer, niedrig, stift, schuh
german-friends	italian-friends-a0             al día
german-friends	italian-traveler-a0            al día
german-friends	portuguese-traveler-brazil-a0  al día
german-friends	spanish-friends-argentina      al día
german-friends	spanish-friends-colombia       al día
german-friends	spanish-friends-mexico         al día
german-friends	spanish-friends-spain-a0       al día
german-friends	spanish-friends                al día
german-friends	spanish-traveler-latam         al día
german-friends	spanish-traveler-mexico-a0     al día
german-friends	spanish-traveler-spain-b1      al día
german-friends	
german-friends	0 glosas añadidas; NO escritos por huecos: german-traveler-a0
german-hamburg	french-traveler                al día
german-hamburg	[CITA-AJENA] beschwert	complains (sich beschweren)	Nora: Und niemand beschwert sich über den Lärm zu dieser Stunde?
german-hamburg	[INFINITIVO] dazu	to it; along with it	Ich pack dir drei Räucheraale ein, leg zwei Makrelen dazu, und den Lachs gibt es fast geschenkt!
german-hamburg	[CITA-AJENA] dreht	turns (drehen); turns around (dreht sich um)	Nora dreht sich an der Ecke noch einmal zum Wasser um, dann folgt sie den anderen nach Hause, wo morgen nur noch Treibholz liegen wird.
german-hamburg	[CITA-AJENA] eher	sooner, rather; sooner X than Y (eher X als Y)	Das wirkt eher nach Piraten als nach Fußball.
german-hamburg	[CITA-AJENA] hätte	would have (haben, Konjunktiv II)	Ole zählt im Stillen die Jahre, die er auf so eine Wohnung gewartet hätte.
german-hamburg	[CITA-AJENA] könnte	could (können, Konjunktiv II)	Ich könnte mir das gut vorstellen.
german-hamburg	[INFINITIVO] recht	to prove someone right (recht geben, from das Recht)	Ole: Sie hat recht.
german-hamburg	[INFINITIVO] sein	to be; also: his	Das klingt zu schön, um wahr zu sein, nur andersherum.
german-hamburg	[CITA-AJENA] stapeln	to pile up (sich stapeln)	Im Flur stapeln sich Wäschekörbe.
german-hamburg	[INFINITIVO] tun	to do	Soll ich lügen und gelangweilt tun?
german-hamburg	[CITA-AJENA] wäre	would be (sein, Konjunktiv II)	Greve: Sie sagen das, als wäre es eine schlechte Nachricht.
german-hamburg	[INFINITIVO] zum	to the (zu + dem)	Das höre ich heute zum ersten Mal.
german-hamburg	[INFINITIVO] zur	to the (zu + der)	Danach wohnen Sie zur Nutzung.
german-hamburg	german-expat                   al día
german-hamburg	german-friends                 al día
german-hamburg	german-hamburg                 al día
german-hamburg	german-traveler-a0             faltan 34: 19 copiadas, 0 escritas a mano, 15 SIN CUBRIR
german-hamburg	   sin cubrir: gedreht, ärmeln, dorthin, zwiebeln, hund, hemd, mauer, wenige, dreißig, ständen, sauer, wanderer, niedrig, stift, schuh
german-hamburg	italian-friends-a0             al día
german-hamburg	italian-traveler-a0            al día
german-hamburg	portuguese-traveler-brazil-a0  al día
german-hamburg	spanish-friends-argentina      al día
german-hamburg	spanish-friends-colombia       al día
german-hamburg	spanish-friends-mexico         al día
german-hamburg	spanish-friends-spain-a0       al día
german-hamburg	spanish-friends                al día
german-hamburg	spanish-traveler-latam         al día
german-hamburg	spanish-traveler-mexico-a0     al día
german-hamburg	spanish-traveler-spain-b1      al día
german-hamburg	
german-hamburg	0 glosas añadidas; NO escritos por huecos: german-traveler-a0
german-traveler-a0	french-traveler                al día
german-traveler-a0	[INFINITIVO] sein	to be; also: his	Sein Kopf bleibt zum Meer gedreht.
german-traveler-a0	[CITA-AJENA] weh	that hurts (das tut weh)	Ihr Bein tut weh, und der Knöchel wird dick.
german-traveler-a0	german-expat                   al día
german-traveler-a0	german-friends                 al día
german-traveler-a0	german-hamburg                 al día
german-traveler-a0	german-traveler-a0             faltan 34: 19 copiadas, 0 escritas a mano, 15 SIN CUBRIR
german-traveler-a0	   sin cubrir: gedreht, ärmeln, dorthin, zwiebeln, hund, hemd, mauer, wenige, dreißig, ständen, sauer, wanderer, niedrig, stift, schuh
german-traveler-a0	italian-friends-a0             al día
german-traveler-a0	italian-traveler-a0            al día
german-traveler-a0	portuguese-traveler-brazil-a0  al día
german-traveler-a0	spanish-friends-argentina      al día
german-traveler-a0	spanish-friends-colombia       al día
german-traveler-a0	spanish-friends-mexico         al día
german-traveler-a0	spanish-friends-spain-a0       al día
german-traveler-a0	spanish-friends                al día
german-traveler-a0	spanish-traveler-latam         al día
german-traveler-a0	spanish-traveler-mexico-a0     al día
german-traveler-a0	spanish-traveler-spain-b1      al día
german-traveler-a0	
german-traveler-a0	0 glosas añadidas; NO escritos por huecos: german-traveler-a0
